"","sample","phase","tab","rep","nominal_time","dw_g","time_h","Cd111_ppb","Cd114_ppb","Cu63_ppb","Cu65_ppb","Ni60_ppb","Ni62_ppb","clear"
"1","pre_labeling_0h_1","pre_labeling","background",0,"0",0.0691,NA,0.544917843633135,0.517200145280912,8.01569497338035,8.1029663429798,2.88703470929527,2.81048252640432,0
"2","pre_labeling-0h-2","pre_labeling","background",1,"0",0.0564,NA,0.662075888173594,0.627961530772951,8.12955342232806,8.19622828314117,2.18960625717274,2.14014977159544,0
"3","pre_labeling-0h-3","pre_labeling","background",2,"0",0.0723,NA,0.546349954987645,0.520574448056483,6.42162107522067,6.4755344949852,2.40279769779507,2.34136114454729,0
"4","pre_labeling-0h-4","pre_labeling","background",3,"0",0.067,NA,0.642756979836155,0.616431787211866,6.70166482721968,6.75441818145079,2.32764744036507,2.27007679480094,0
"5","pre_labeling-0h-5","pre_labeling","background",4,"0",0.0778,NA,0.61981289529271,0.598997990551137,5.48241616294515,5.52096964705769,2.53069399675015,2.46380434420565,0
"6","pre_labeling-0h-6","pre_labeling","background",5,"0",0.0896,NA,0.645364208764011,0.630291549466546,5.67780732979225,5.73311771566988,1.48057757505333,1.44608085854836,0
"7","pre_labeling-0h-7","pre_labeling","background",6,"0",0.0998,NA,0.4990307578885,0.483248108087334,5.33959313704564,5.39501212705402,1.79409138185906,1.74782729844199,0
"8","pre_labeling-0h-8","pre_labeling","background",7,"0",0.0816,NA,0.645768661894078,0.627458027564367,6.41049618329451,6.47541893363339,2.08381882945817,2.03086903310625,0
"9","pre_labeling-0h-9","pre_labeling","background",8,"0",0.0894,NA,0.512542960380267,0.493677161033778,6.52264507945808,6.59788403234918,1.65567468896394,1.61544907670821,0
"10","pre_labeling-0h-10","pre_labeling","background",9,"0",0.0867,NA,0.724183987508101,0.710209697405156,8.01867884450657,8.12703205152486,1.82484127103326,1.77949372793369,0
"11","pre_labeling_(1)_14d_1","pre_labeling","1",1,"14",0.0485,NA,0.352465515524126,4.2991619716317,14.3253503162661,101.528441248206,3.13135763366064,17.6207012264464,0
"12","pre_labeling_(1)_14d_2","pre_labeling","1",2,"14",0.0479,NA,0.578327895621469,7.04210232427978,8.818900645057,49.3155269548124,1.87901716070882,16.1514600778965,0
"13","pre_labeling_(1)_14d_3","pre_labeling","1",3,"14",0.079,NA,0.843399667060784,10.8639683255674,7.16411152511461,41.3394239210106,1.44044907875966,13.7236437322649,0
"14","pre_labeling_(1)_14d_4","pre_labeling","1",4,"14",0.0441,NA,0.545219135604643,5.83906220081937,6.24847688650335,20.882645806599,1.58780332145041,13.0914226312558,0
"15","pre_labeling_(1)_14d_5","pre_labeling","1",5,"14",0.0552,NA,0.421712186129441,4.98684660056428,5.7256199259868,31.4812943466945,3.36538156126458,12.0842735611433,0
"16","pre_labeling_(1)_14d_6","pre_labeling","1",6,"14",0.0986,NA,0.560197503360682,6.01226543870273,6.5868964846831,32.1913814885907,3.28908446271072,13.1118754533625,0
"17","pre_labeling_(1)_14d_7","pre_labeling","1",7,"14",0.0584,NA,0.479871229349128,4.4409019137794,4.85131758826565,22.3462799404608,1.75227752177219,11.4820811873205,0
"18","pre_labeling_(1)_14d_8","pre_labeling","1",8,"14",0.0531,NA,0.846820969427387,11.6841693899137,10.1301010899933,63.8277688975644,0.95021214193004,25.0132241423259,0
"19","pre_labeling_(1)_14d_9","pre_labeling","1",9,"14",0.0581,NA,0.578269202487342,6.25280127367887,6.02126222033135,28.1907688908159,2.67247460368282,13.1827576045654,0
"20","pre_labeling_(1)_14d_10","pre_labeling","1",10,"14",0.0522,NA,0.685899204381346,6.79837545139764,7.09624455016582,34.8527646822992,2.67512187246643,9.13495719404788,0
"21","ref_0.25d_1_1","ref","1",1,"6h",0.0482,NA,0.800041592567934,8.1977626507111,6.5426731736276,30.192027290982,2.65696078885208,8.88110333755625,0
"22","ref_0.25d_1_2","ref","1",1,"6h",0.0879,NA,0.660509409492831,5.16640856287509,6.0692266359348,25.337298672871,2.23491538749395,9.41978595443145,0
"23","ref_0.25d_1_3","ref","1",1,"6h",0.1468,NA,0.50596605234828,5.04521036367591,5.78277879658038,20.5836242396798,3.23437063987954,9.30855858051044,0
"24","ref_0.25d_2_1","ref","1",2,"6h",0.067,NA,0.663754274678314,7.90886705042665,8.28104990175198,40.1624974961281,4.10999445732682,24.7628209058407,0
"25","ref_0.25d_2_2","ref","1",2,"6h",0.1139,NA,0.625692364403857,4.72254030341442,5.61905878722132,24.7276931795299,2.65877998480358,7.13801788003815,0
"26","ref_0.25d_2_3","ref","1",2,"6h",0.0876,NA,0.5887788103307,5.67355997455189,6.07430557041016,25.3968029338927,1.68827812253443,7.9292740723112,0
"27","ref_0.25d_3_1","ref","1",3,"6h",0.0752,NA,0.46616508097666,6.36700676327779,5.72221868136574,19.2766138883803,1.69295836175996,9.26464989772332,0
"28","ref_0.25d_3_2","ref","1",3,"6h",0.0692,NA,0.558841467876495,5.9315424114548,6.63867932730849,32.915378592953,2.33424693161869,13.210311803949,0
"29","ref_0.25d_3_3","ref","1",3,"6h",0.0565,NA,0.533908403610331,4.62520450184464,6.04812266126001,26.1547076233447,1.61242107462142,11.3405767992655,0
"30","TD_labeling_0.25d_1_1","TD","1",1,"6h",0.1248,6,0.540436637140218,4.50566545654279,6.42326418476006,25.8878925679206,2.74387177900537,7.30874215752849,0
"31","TD_labeling_0.25d_1_2","TD","1",1,"6h",0.0651,6,0.625201606393467,7.52222131494444,6.75385286999123,30.3887734100171,3.03192635021337,13.8587946839863,0
"32","TD_labeling_0.25d_1_3","TD","1",1,"6h",0.0611,6,0.587008708133834,8.45420460216909,7.91001019913783,45.9489646092584,1.52087769065592,20.515633841042,0
"33","TD_labeling_0.25d_2_1","TD","1",2,"6h",0.0369,6,0.428064446894339,4.986867538019,5.96482335684702,25.8957380917455,2.09782102228406,11.0558386836836,0
"34","TD_labeling_0.25d_2_2","TD","1",2,"6h",0.065,6,0.73854743152064,9.14065189626501,8.73153013187466,51.6061573064394,3.7234140460602,15.5505849912929,0
"35","TD_labeling_0.25d_2_3","TD","1",2,"6h",0.0904,6,0.647593733147508,6.44176752726234,9.63237903560393,42.8335268261575,2.86955639779394,11.7111572106765,0
"36","TD_labeling_0.25d_3_1","TD","1",3,"6h",0.055,6,0.775670214832109,7.46147386735977,6.82107391288324,27.6019537383892,1.50444335230624,9.4188575009185,0
"37","TD_labeling_0.25d_3_2","TD","1",3,"6h",0.0488,6,0.688139024065698,9.69909849013069,7.079619460448,35.8841057567953,2.17556375104087,17.0322889431652,0
"38","TD_labeling_0.25d_3_3","TD","1",3,"6h",0.1141,6,0.550244330036959,4.74427885629117,5.53846178177388,19.8947933081819,5.92186484219468,11.4850562162163,0
"39","TD_labeling_0.25d_4_1","TD","1",4,"6h",0.1029,6,0.652053221006594,5.68990932188759,5.57080121404592,20.2640760236168,3.45560693726224,9.54907862903501,0
"40","TD_labeling_0.25d_4_2","TD","1",4,"6h",0.0975,6,0.595831352750336,6.94647511411223,7.96321646999119,35.3259429702905,3.34103916379451,16.2768143106821,0
"41","TD_labeling_0.25d_4_3","TD","1",4,"6h",0.1,6,0.701034975548675,6.81207896573802,8.07384798961987,33.6221029270173,2.0506284749194,11.5622047762869,0
"42","ref_1d_1_1","ref","1",1,"24h",0.0614,NA,0.753238826968057,5.85601543203706,6.212288328869,28.7286731840915,2.30932423669419,8.89472080662327,0
"43","ref_1d_1_2","ref","1",1,"24h",0.0689,NA,0.664724011046391,5.6594599030909,6.6932425833581,33.412641103936,1.83037394711077,7.17827157555567,0
"44","ref_1d_1_3","ref","1",1,"24h",0.1273,NA,0.562781078335887,4.61725179191224,5.52261695613599,18.0163347930927,2.00706839958632,6.05316434924537,0
"45","ref_1d_2_1","ref","1",2,"24h",0.0795,NA,0.844177728960531,5.48711231582326,6.56859217119718,28.1540648431878,1.76864555661942,5.51853824815742,0
"46","ref_1d_2_2","ref","1",2,"24h",0.0568,NA,0.610606445232434,6.7674788307978,8.57012281862665,48.462193088086,1.984365307144,11.2968280710128,0
"47","ref_1d_2_3","ref","1",2,"24h",0.0706,NA,0.633043444515245,6.25646828812147,6.0781174091646,30.0701552457234,2.39235408853016,9.91331586020886,0
"48","ref_1d_3_1","ref","1",3,"24h",0.0425,NA,0.566617403510784,6.55316515018674,6.16520281131521,25.5369361246721,2.03835788218362,8.58583515569543,0
"49","ref_1d_3_2","ref","1",3,"24h",0.1084,NA,0.485292648171445,5.60802751250967,5.83832603092596,23.589813225597,2.1901664526409,14.5013978670193,0
"50","ref_1d_3_3","ref","1",3,"24h",0.0383,NA,0.53486736581906,7.81520366980337,5.34055918862413,21.6887132125663,2.52339592276889,18.6296881587587,0
"51","Bioa_labeling_1d_1_1","Bioa","1",1,"24h",0.1039,24.3,0.667704026462666,4.74243553515152,5.11995092116801,18.6777115581146,3.21979100227489,8.04871403386376,0
"52","Bioa_labeling_1d_1_2","Bioa","1",1,"24h",0.0754,24.3,0.596630537081592,5.5753732963576,7.02467692556889,33.5367771702676,3.32749838807306,9.5130107469412,0
"53","Bioa_labeling_1d_1_3","Bioa","1",1,"24h",0.0796,24.3,0.510818060017781,6.2451238487153,7.29857518681737,37.7461539586157,4.29688704139389,19.0200596767985,0
"54","Bioa_labeling_1d_1_4","Bioa","1",1,"24h",0.0572,24.3,0.636611654745236,6.21536961697382,5.64422795913852,24.7463587888188,2.46833258267015,7.88143693283133,0
"55","Bioa_labeling_1d_2_1","Bioa","1",2,"24h",0.0726,24.3333333333333,0.715709029704044,7.29670909888802,5.57852166928167,19.09056946332,3.54165549182628,11.7033638787036,0
"56","Bioa_labeling_1d_2_2","Bioa","1",2,"24h",0.1143,24.3333333333333,0.553689264336358,6.2773389944813,5.79427853792994,28.8295233878943,3.48586512024816,13.4965961591887,0
"57","Bioa_labeling_1d_2_3","Bioa","1",2,"24h",0.083,24.3333333333333,0.773552249510415,6.4449954450523,5.55093152931023,21.3193652107054,2.38101435933661,10.1919931711229,0
"58","Bioa_labeling_1d_2_4","Bioa","1",2,"24h",0.0973,24.3333333333333,0.528258818365287,4.89531324443327,4.68868614024452,12.8656988004191,3.22711706370715,7.75008933249628,0
"59","Bioa_labeling_1d_3_1","Bioa","1",3,"24h",0.0832,24.7,0.569180309312489,5.59315791051539,6.5630058904795,31.5149800261681,3.19112961062969,10.674913860075,0
"60","Bioa_labeling_1d_3_2","Bioa","1",3,"24h",0.0461,24.7,0.56712418373121,5.9481997925062,6.60530995787008,30.4946840744553,1.92125575679425,8.33292582528868,0
"61","Bioa_labeling_1d_3_3","Bioa","1",3,"24h",0.0867,24.7,0.63663882662242,8.07458582328179,11.8601308911432,76.3255331693446,4.04058719956927,19.4831249024114,0
"62","Bioa_labeling_1d_3_4","Bioa","1",3,"24h",0.1206,24.7,0.65235887053658,5.63184628526352,6.19644496007572,32.7133819637129,3.15851211366836,11.6064178626754,0
"63","Bioa_labeling_1d_4_1","Bioa","1",4,"24h",0.0849,24.75,0.606607104402024,5.68524244318636,7.34563548369723,37.519933355424,2.48942729188949,10.3693626799336,0
"64","Bioa_labeling_1d_4_2","Bioa","1",4,"24h",0.0683,24.75,0.655587727664239,7.23730702518452,7.14475160502334,36.0470041110596,3.42442699081423,18.2424625826471,0
"65","Bioa_labeling_1d_4_3","Bioa","1",4,"24h",0.0559,24.75,0.624604302876182,6.50700542451629,6.02567954442029,22.2674794314076,3.04612956167055,8.32856025456452,0
"66","Bioa_labeling_1d_4_4","Bioa","1",4,"24h",0.0972,24.75,0.640996195259348,6.06602507219753,6.28374046844938,38.8004723092379,3.73282179944757,14.6448409128117,0
"67","TD_labeling_1d_1_1","TD","1",1,"24h",0.1,24.2166666666667,0.566486506368253,6.32823113630758,6.22157498568278,32.2747002875078,5.81362983408826,16.0054202633116,0
"68","TD_labeling_1d_1_2","TD","1",1,"24h",0.069,24.2166666666667,0.599632981767819,6.05004682995265,7.25905122090699,33.7900991264362,7.01679758203951,17.6747068251575,0
"69","TD_labeling_1d_1_3","TD","1",1,"24h",0.1024,24.2166666666667,0.6987873682922,5.59526936033091,5.02960578534456,21.2887884375789,7.38865626408056,14.4054808487896,0
"70","TD_labeling_1d_2_1","TD","1",2,"24h",0.0878,24.3,0.560740353269503,8.01453564153538,8.54845941421361,39.168889903247,9.48495547778744,28.1257910615754,0
"71","TD_labeling_1d_2_2","TD","1",2,"24h",0.0854,24.3,1.11336321776821,6.96389558093441,6.19762509376862,27.1370920360818,7.21407737618349,14.5285258158928,0
"72","TD_labeling_1d_2_3","TD","1",2,"24h",0.1238,24.3,0.680614603391082,5.60783652280834,5.93513003919596,28.2208066604467,6.12490286514863,12.6113120773731,0
"73","TD_labeling_1d_3_1","TD","1",3,"24h",0.118,24.2166666666667,0.555885204814503,4.97700936406747,6.33711826961125,33.2099490235292,4.80389853058251,9.90107606108071,0
"74","TD_labeling_1d_3_2","TD","1",3,"24h",0.1226,24.2166666666667,0.550431195522763,6.22723991715922,7.9711858833231,33.5607747809468,9.83050760036072,15.9701083656761,0
"75","TD_labeling_1d_3_3","TD","1",3,"24h",0.0635,24.2166666666667,0.342197774280802,5.42892017843029,8.54699677966392,59.4356589347296,7.30250816503468,23.9443973314036,0
"76","TD_labeling_1d_4_1","TD","1",4,"24h",0.1113,24.2166666666667,0.492730765593589,5.41595938745942,5.51316304180301,21.1534488967888,4.02717469018831,12.3684915003485,0
"77","TD_labeling_1d_4_2","TD","1",4,"24h",0.0725,24.2166666666667,0.405713212509557,5.24184011623424,7.5647349318517,43.9471367695162,6.84283869519307,16.6764883192538,0
"78","TD_labeling_1d_4_3","TD","1",4,"24h",0.0653,24.2166666666667,0.580684386182959,5.08422905607664,9.50218986689656,54.4505236444006,4.78649985765641,14.8506256877261,0
"79","ref_3d_1_1","ref","1",1,"72h",0.1134,NA,0.711883437309522,5.62083954809665,5.69901908301858,18.4279635623212,2.78882821855722,7.77628177108543,0
"80","ref_3d_1_2","ref","1",1,"72h",0.0751,NA,0.455159216063408,4.94140843507601,5.12016403879964,15.6434788666926,2.17279318927802,13.6171108768703,0
"81","ref_3d_1_3","ref","1",1,"72h",0.0817,NA,0.592481772532262,5.81682433221973,6.56385269377394,22.1883686464373,4.59109699992182,17.9789633745946,0
"82","ref_3d_2_1","ref","1",2,"72h",0.0608,NA,0.5352280436023,6.35124949765258,5.65937766446189,27.7349912597527,1.74788070908852,9.94648456347753,0
"83","ref_3d_2_2","ref","1",2,"72h",0.0821,NA,0.605870095153828,6.21257715625608,11.5182023948984,90.7027175027679,2.23455313382703,15.5413929436916,0
"84","ref_3d_2_3","ref","1",2,"72h",0.0933,NA,0.643297448543588,6.74930776049622,4.94284331041461,14.2876164747372,2.83390378870317,10.5484197277775,0
"85","ref_3d_3_1","ref","1",3,"72h",0.0542,NA,0.576815557763706,6.3186228603817,6.25620924261349,28.5814262952599,3.18129591894467,20.7492318028724,0
"86","ref_3d_3_2","ref","1",3,"72h",0.1292,NA,0.576936031018913,4.70421939982341,5.61817170363415,18.9012254631677,4.51634887737923,13.4561310421701,0
"87","ref_3d_3_3","ref","1",3,"72h",0.0448,NA,0.614278241266899,7.693339952726,4.53046766539548,11.7872195799108,2.74175890706565,14.4175578176092,0
"88","TD_labeling_3d_1_1","TD","1",1,"72h",0.0843,71.9166666666667,0.571047106129814,5.15107141099984,5.16742682817754,17.8112347051829,19.6778344132532,26.4082598374533,0
"89","TD_labeling_3d_1_2","TD","1",1,"72h",0.09,71.9166666666667,0.586761352424932,6.19279450854048,4.66876982941468,12.6193114577768,47.0806392738631,58.9026911822347,0
"90","TD_labeling_3d_1_3","TD","1",1,"72h",0.0661,71.9166666666667,0.704398330522626,6.24151628947035,5.23020217099401,19.0910496576925,43.4115793815842,48.484314019871,0
"91","TD_labeling_3d_1_4","TD","1",1,"72h",0.0724,71.9166666666667,0.555870217627514,6.98375521320367,7.5293902601619,40.8305997129084,19.143788967129,28.469093637521,0
"92","TD_labeling_3d_2_1","TD","1",2,"72h",0.0793,71.95,0.532379003114887,3.95831688900737,6.19959469715426,20.9405806951373,15.6593468040615,20.3815282811023,0
"93","TD_labeling_3d_2_2","TD","1",2,"72h",0.1173,71.95,0.706173536066368,6.81450784688117,5.98188232613803,23.3087976859612,10.7687409219827,18.2751766367342,0
"94","TD_labeling_3d_2_3","TD","1",2,"72h",0.0547,71.95,0.726532689016067,7.21263062733438,5.32112237826258,16.8853887468203,25.8162760821383,35.2017264201924,0
"95","TD_labeling_3d_2_4","TD","1",2,"72h",0.0978,71.95,0.854813395587756,5.99283941518276,5.62968897176582,15.9665313355655,13.8529391733398,19.2115210531884,0
"96","TD_labeling_3d_3_1","TD","1",3,"72h",0.0887,71.95,0.688801276745225,8.95316749796694,6.40794542509742,26.5161604118777,24.8812321265795,35.0097707913616,0
"97","TD_labeling_3d_3_2","TD","1",3,"72h",0.076,71.95,0.459735026451722,9.62765666063815,6.61651781694501,30.8128800852067,26.755645688622,47.7427302134859,0
"98","TD_labeling_3d_3_3","TD","1",3,"72h",0.0906,71.95,0.611810846451758,6.0516833378371,7.62572257466801,30.7467508023705,22.9425655330395,32.5977762751376,0
"99","TD_labeling_3d_3_4","TD","1",3,"72h",0.0639,71.95,0.609978938770274,6.4855968108474,4.50177952200228,11.5633479032386,18.9793495520477,25.4786338922278,0
"100","TD_labeling_3d_4_1","TD","1",4,"72h",0.1071,71.9666666666667,0.96582718993643,7.3247581647896,6.09202729897758,22.5936629155983,17.6280163490266,26.4420781982697,0
"101","TD_labeling_3d_4_2","TD","1",4,"72h",0.1038,71.9666666666667,0.494597731575871,5.72033573357774,5.60957696303177,19.656245635998,16.9233116308578,28.3630521339163,0
"102","TD_labeling_3d_4_3","TD","1",4,"72h",0.0518,71.9666666666667,0.699686673711524,8.23171719900479,10.2956050612545,50.5717218121534,55.2825213793567,72.3018690395855,0
"103","TD_labeling_3d_4_4","TD","1",4,"72h",0.0708,71.9666666666667,0.66288832689647,7.96204019944913,6.37388123264059,27.5936878753405,20.369034049995,32.6165587471972,0
"104","pre_labeling_(2)_14d_1","pre_labeling","2",2,"14",0.0802,NA,0.836003654746681,6.76016092451256,5.80401669299364,17.9492191707599,2.9037530008451,10.1988186186521,0
"105","pre_labeling_(2)_14d_2","pre_labeling","2",3,"14",0.0497,NA,0.423094861633592,6.82041675246886,12.1598153263694,77.6563090413528,0.834981236073722,26.9474358719825,0
"106","pre_labeling_(2)_14d_3","pre_labeling","2",4,"14",0.0366,NA,0.641344175293368,5.78467336209818,8.67516903729187,43.6063319458655,2.04508474511172,23.0747293678597,0
"107","pre_labeling_(2)_14d_4","pre_labeling","2",5,"14",0.0743,NA,0.584414980391976,4.92551128590161,7.68484802400508,28.4920726140043,1.79754053756726,7.64827640246051,0
"108","pre_labeling_(2)_14d_5","pre_labeling","2",6,"14",0.085,NA,0.710577476715181,3.95074088964092,6.16135587043411,21.4010499777329,2.28325107119829,12.6802712722494,0
"109","pre_labeling_(2)_14d_6","pre_labeling","2",7,"14",0.0717,NA,0.69174554327111,8.02841850234863,7.76604528592571,41.4421011864432,2.95803902385291,26.1613583765429,0
"110","pre_labeling_(2)_14d_7","pre_labeling","2",8,"14",0.0484,NA,0.49257228177486,5.90035955384371,8.54691406669646,50.9620479828145,2.08364637005833,23.5895546336227,0
"111","pre_labeling_(2)_14d_8","pre_labeling","2",9,"14",0.0346,NA,0.773521905491758,9.11515415136224,15.9054947225417,112.808371574949,3.55002041567785,54.0956286782521,0
"112","pre_labeling_(2)_14d_9","pre_labeling","2",10,"14",0.0535,NA,0.733498878704102,7.48295482943857,8.84761251876941,38.1038203491089,2.70688017822931,16.2212020624407,0
"113","pre_labeling_(2)_14d_10","pre_labeling","2",11,"14",0.0423,NA,0.689452968981232,9.78601502992809,6.99493374071362,30.4016086829804,0.899460226610602,30.2381585362989,0
"114","ref_3.25d_1_1","ref","2",1,"6h",0.0484,NA,0.754237406763445,8.69357884550889,8.10006202063835,44.0038660979969,3.07446327788342,27.3470867071095,0
"115","ref_3.25d_1_2","ref","2",1,"6h",0.0908,NA,0.731376936883507,7.33506636881991,6.30530263426865,23.1821682892359,1.86239119672396,18.438267708874,0
"116","ref_3.25d_1_3","ref","2",1,"6h",0.087,NA,0.792143683385148,7.27248233793321,5.25984544776478,16.2192690331622,3.07321322320761,11.2395458178982,0
"117","ref_3.25d_2_1","ref","2",2,"6h",0.084,NA,0.47199706833384,5.79048722204107,8.69472072480945,52.451820501675,3.56698219841402,35.4239491335163,0
"118","ref_3.25d_2_2","ref","2",2,"6h",0.0762,NA,0.512651947508191,6.00586644991609,6.6713862414227,24.4633619907026,3.5284673596863,16.4089036754823,0
"119","ref_3.25d_2_3","ref","2",2,"6h",0.0629,NA,0.72482447093472,9.14813575732421,7.97574710655969,35.0122391037563,2.80254627998438,27.557754274428,0
"120","ref_3.25d_3_1","ref","2",3,"6h",0.0613,NA,0.53925344694139,6.40786706278818,7.21409155098117,33.2514956477653,3.41353799230142,20.1166752444787,0
"121","ref_3.25d_3_2","ref","2",3,"6h",0.0825,NA,0.569084650371029,5.09784503281408,6.08686360803828,24.8970625890861,5.03071207137509,22.1341754208397,0
"122","ref_3.25d_3_3","ref","2",3,"6h",0.0605,NA,0.692172724582887,7.44840028697404,5.45072327420715,20.2284622725163,2.50493140756051,22.3554174562456,0
"123","TD_labeling_3.25d_1_1","TD","2",1,"6h",0.0935,6,0.709167475782657,6.11973064159411,8.22214660497047,37.5380646148117,3.52324174847206,16.4801107921361,0
"124","TD_labeling_3.25d_1_2","TD","2",1,"6h",0.0986,6,0.704711204439036,8.87342298169655,11.9280065854504,85.6932239572388,5.87429906352406,49.4106080641305,0
"125","TD_labeling_3.25d_1_3","TD","2",1,"6h",0.1419,6,0.6822210782912,5.58759581147988,5.57530433693294,19.4081361460137,3.54079654216085,14.1809277879507,0
"126","TD_labeling_3.25d_2_1","TD","2",2,"6h",0.0803,6.01666666666667,0.784489415225612,8.50268461858431,10.1818023241402,64.2804927005649,5.34723434571636,34.36454239724,0
"127","TD_labeling_3.25d_2_2","TD","2",2,"6h",0.0926,6.01666666666667,0.721281278469073,4.44351706387774,6.88571039418301,27.5559458942864,2.44361852397103,9.60334519052434,0
"128","TD_labeling_3.25d_2_3","TD","2",2,"6h",0.1141,6.01666666666667,0.531226713884452,6.084553733306,12.0375684498686,77.1198896725963,3.20476176430934,28.5108603454483,0
"129","TD_labeling_3.25d_3_1","TD","2",3,"6h",0.0899,6.01666666666667,0.714613024479345,8.67309653413282,7.48718138018257,35.9599405017333,4.8047665589844,27.595361778428,0
"130","TD_labeling_3.25d_3_2","TD","2",3,"6h",0.0884,6.01666666666667,0.66318276004476,6.48725431390592,8.37099603027287,39.0455760831576,2.44836484797763,16.3561324773538,0
"131","TD_labeling_3.25d_3_3","TD","2",3,"6h",0.0979,6.01666666666667,0.520053754781957,3.20531016173603,5.31521222296152,16.5123588041029,2.02338453796693,10.7504241942772,0
"132","TD_labeling_3.25d_4_1","TD","2",4,"6h",0.1207,6.03333333333333,0.555936306127708,5.09739805706807,8.4992328385494,32.0346687726024,3.51008581198396,21.633104608655,0
"133","TD_labeling_3.25d_4_2","TD","2",4,"6h",0.0666,6.03333333333333,0.797467356080399,7.09229401369384,7.60195241379378,37.6521611111832,1.88295203253929,16.4445761558885,0
"134","TD_labeling_3.25d_4_3","TD","2",4,"6h",0.1014,6.03333333333333,0.565568272631631,5.7028815217943,7.17578458276835,33.7328095836866,1.99108045308437,7.70391193844671,0
"135","ref_4d_1_1","ref","2",1,"24h",0.0975,NA,0.633271094068017,5.5440632102147,5.36502200710239,16.8113361535804,1.51109314323042,10.0600342937737,0
"136","ref_4d_1_2","ref","2",1,"24h",0.0918,NA,0.705075578238752,5.64792669109041,4.43850948463847,14.3067483161278,2.43762873994642,9.89107288506067,0
"137","ref_4d_2_1","ref","2",1,"24h",0.0941,NA,0.862500825072816,5.88101332048823,8.47358941619652,40.9406619043098,2.25509699472734,14.2869619879454,0
"138","ref_4d_2_2","ref","2",2,"24h",0.0773,NA,0.510023078156444,5.11401290137016,5.23834140695563,16.500442751304,4.8394328350268,15.9487472907646,0
"139","ref_4d_2_3","ref","2",2,"24h",0.0686,NA,0.522684857858804,8.03921331885728,6.04707316073815,31.1790610726342,3.1053765061571,21.9902146864918,0
"140","ref_4d_3_1","ref","2",3,"24h",0.0914,NA,0.653354782374974,5.75143384769089,5.40093776707631,16.8537507196602,2.99214926267855,12.2882371237535,0
"141","ref_4d_3_2","ref","2",3,"24h",0.0829,NA,0.556724075694224,4.29357287802086,5.13887199912971,17.8913092756475,3.33009643007157,10.5694692675173,0
"142","ref_4d_3_3","ref","2",3,"24h",0.0451,NA,0.658574026030852,9.35410407280617,8.14201413765754,43.9345200083364,2.46068259345035,27.5299267158982,0
"143","Bioa_labeling_4d_1_1","Bioa","2",1,"24h",0.0765,24.1833333333333,0.385857804511792,3.19658939744495,7.28668287833516,24.1432913313551,2.66625605291292,13.0216340737556,0
"144","Bioa_labeling_4d_1_2","Bioa","2",1,"24h",0.0759,24.1833333333333,0.602382534309034,6.87880420842085,7.76537846671819,43.0021025157456,3.44357519045999,22.1994037544707,0
"145","Bioa_labeling_4d_1_3","Bioa","2",1,"24h",0.1342,24.1833333333333,0.686677165141155,6.60020869844756,4.84800127996889,13.2929798565008,3.32845952226429,15.4058094638743,0
"146","Bioa_labeling_4d_1_4","Bioa","2",1,"24h",0.0791,24.1833333333333,0.675600692860691,9.78041599699503,10.4561841353299,58.2766086873434,6.35894568577274,40.1677722176629,0
"147","Bioa_labeling_4d_2_1","Bioa","2",2,"24h",0.1228,24.1833333333333,0.648370731835879,5.39694466022036,7.03608199158117,25.7804464726224,4.10723891924778,17.2264119908175,0
"148","Bioa_labeling_4d_2_2","Bioa","2",2,"24h",0.0814,24.1833333333333,0.881509747859302,8.62218345530681,8.75341869728334,46.5501391423556,4.22525703595904,23.3795974898133,0
"149","Bioa_labeling_4d_2_3","Bioa","2",2,"24h",0.0522,24.1833333333333,0.663539749932077,8.1115719508895,7.78608262339647,39.3991992295228,5.00295499327435,29.8364483279065,0
"150","Bioa_labeling_4d_2_4","Bioa","2",2,"24h",0.0633,24.1833333333333,0.731460637359191,6.03375696888023,6.81725136074459,24.3869463136977,4.65538136736998,18.8049078120868,0
"151","Bioa_labeling_4d_3_1","Bioa","2",3,"24h",0.0736,24.35,0.874551551458074,6.8772388721967,34.330219076419,55.2695422868235,3.73531801740632,18.3589793165927,0
"152","Bioa_labeling_4d_3_2","Bioa","2",3,"24h",0.0808,24.35,0.888489686873105,6.5355338837577,5.48346411477485,17.1115460231838,4.72395393750246,14.4760844561206,0
"153","Bioa_labeling_4d_3_3","Bioa","2",3,"24h",0.0705,24.35,0.584869832892391,7.40934484392502,7.15091305259693,36.2413064834568,4.01509637196067,24.7731560050782,0
"154","Bioa_labeling_4d_3_4","Bioa","2",3,"24h",0.1363,24.35,0.792521983746503,7.65094936249402,6.96573593868717,26.2107805870576,3.41361171011004,23.8215816812166,0
"155","Bioa_labeling_4d_4_1","Bioa","2",4,"24h",0.0461,24.4666666666667,1.15601306290216,7.82154145466259,7.30507278164935,26.2710191089289,2.84780128924453,15.2869874630172,0
"156","Bioa_labeling_4d_4_2","Bioa","2",4,"24h",0.067,24.4666666666667,0.774182317467114,6.04384146446238,9.33455496479083,47.1599307421348,4.02254461286045,17.5764616784412,0
"157","Bioa_labeling_4d_4_3","Bioa","2",4,"24h",0.0605,24.4666666666667,0.475798912650896,4.06357095686933,5.76072897468255,20.2958266934164,4.8353180499217,13.5079502056517,0
"158","Bioa_labeling_4d_4_4","Bioa","2",4,"24h",0.0961,24.4666666666667,0.689345109338895,3.48882497074947,5.19357423095795,13.1387721608629,4.05938228536964,12.4754005756967,0
"159","TD_labeling_4d_1_1","TD","2",1,"24h",0.109,24.1,0.576332117300818,3.79166105641527,6.98049254825606,23.1900806164006,4.04759130119102,8.2477992388155,0
"160","TD_labeling_4d_1_2","TD","2",1,"24h",0.1151,24.1,0.660327067313423,4.03063964306402,5.48311891945547,13.2732119980679,5.87989131115043,12.2764849298559,0
"161","TD_labeling_4d_1_3","TD","2",1,"24h",0.1085,24.1,0.938309960502893,6.34269220719145,5.14248834739645,15.4309904529394,17.2840519555187,27.7058469724604,0
"162","TD_labeling_4d_2_1","TD","2",2,"24h",0.0786,24.1,0.681314185962956,6.8477533629942,6.83240332057099,26.1397626421482,13.8897701002332,33.0178772484701,0
"163","TD_labeling_4d_2_2","TD","2",2,"24h",0.0504,24.1,0.842628345972997,8.7799189804899,7.61688034479219,35.7204174258679,8.01023998679365,28.9775175357226,0
"164","TD_labeling_4d_2_3","TD","2",2,"24h",0.1032,24.1,0.756990408718012,6.01516023439966,7.36225682975687,26.9767022415965,12.4783677159025,28.9856153908644,0
"165","TD_labeling_4d_3_1","TD","2",3,"24h",0.0685,24.1,1.2749319433653,4.84757250250193,7.67742300848005,23.2871721203344,4.39755621930126,10.2514708180867,0
"166","TD_labeling_4d_3_2","TD","2",3,"24h",0.1181,24.1,0.847664072753601,5.39066559030427,5.66861926369092,20.870946360655,3.57612624916625,13.8231948816077,0
"167","TD_labeling_4d_3_3","TD","2",3,"24h",0.1076,24.1,0.634373618518352,4.2888366530378,5.39948113472271,17.3393367914313,4.3935434255691,13.5103398945875,0
"168","TD_labeling_4d_4_1","TD","2",4,"24h",0.1083,24.1166666666667,0.522465028279221,2.84072885728985,5.55847235309424,12.606899317037,4.8821845865028,10.8691428169417,0
"169","TD_labeling_4d_4_2","TD","2",4,"24h",0.0854,24.1166666666667,0.730137074202207,7.0144732012854,5.65845702088611,19.6729307061456,7.31188522781992,22.3900646754384,0
"170","TD_labeling_4d_4_3","TD","2",4,"24h",0.0618,24.1166666666667,0.808274623095767,8.46003709936751,10.5077965805216,56.361335003389,3.48737544620427,27.3653958993179,0
"171","ref_6d_1_1","ref","2",1,"72h",0.0739,NA,0.751225680338208,6.01910784888366,8.32970783699754,41.0936677488528,1.63685564485185,13.3033674297852,0
"172","ref_6d_1_2","ref","2",1,"72h",0.1169,NA,0.561670798078798,4.35925791373876,4.14675844373031,12.2388535962578,3.2357185263305,11.7113839377031,0
"173","ref_6d_1_3","ref","2",1,"72h",0.0582,NA,0.775300594758515,8.95555453880946,4.6573998675581,13.9486661137224,1.06610674374537,21.7380876866688,0
"174","ref_6d_2_1","ref","2",2,"72h",0.0569,NA,0.743432383161735,5.63785137340997,4.56862730603252,14.2118531351543,1.87528980698101,15.0150339603105,0
"175","ref_6d_2_2","ref","2",2,"72h",0.057,NA,0.683515728162364,7.77920873343736,7.5156316429559,27.7389692317498,2.2607378433624,19.7663340464483,0
"176","ref_6d_2_3","ref","2",2,"72h",0.0428,NA,0.646171055678864,6.89026153352459,5.04825001313815,16.2635114947142,1.34900656026333,15.0563252663122,0
"177","ref_6d_3_1","ref","2",3,"72h",0.1409,NA,0.464207691118654,2.889511359234,6.12888489258447,19.205601025522,2.27330600479747,6.85355919291897,0
"178","ref_6d_3_2","ref","2",3,"72h",0.0905,NA,0.473496527038469,4.78385485695229,6.7092294396544,28.2589298451605,3.02790722720483,16.9596910326301,0
"179","ref_6d_3_3","ref","2",3,"72h",0.0433,NA,0.526728616380103,5.46349139555112,6.18986021508466,23.0175752419436,1.9460040068116,13.7485421207675,0
"180","TD_labeling_6d_1_1","TD","2",1,"72h",0.0733,71.8333333333333,0.595865805668649,6.83697497124924,5.21658600651665,16.047168225513,14.7115144717697,26.394325934173,0
"181","TD_labeling_6d_1_2","TD","2",1,"72h",0.0525,71.8333333333333,0.658053782227255,9.01681228368067,6.73960204990891,25.4414030837992,16.421692171839,31.7367483230918,0
"182","TD_labeling_6d_1_3","TD","2",1,"72h",0.0947,71.8333333333333,0.75556561173094,5.340583060342,5.60070409636802,14.8351965447676,17.5415869111639,23.3960303324269,0
"183","TD_labeling_6d_1_4","TD","2",1,"72h",0.0794,71.8333333333333,0.729264992860002,5.05661294676933,7.97310987647464,24.2653472770317,15.4856473922332,20.2811843747393,0
"184","TD_labeling_6d_2_1","TD","2",2,"72h",0.1086,72.0833333333333,0.469136689514596,5.74329787802151,6.78767784010826,33.6719569962234,13.5976313430879,36.1920003066045,0
"185","TD_labeling_6d_2_2","TD","2",2,"72h",0.075,72.0833333333333,0.733998002670716,5.03674748565359,4.76501896872951,11.1307471357745,21.8628253254747,27.5642499880265,0
"186","TD_labeling_6d_2_3","TD","2",2,"72h",0.056,72.0833333333333,0.413554549688856,5.09284604299576,6.3132683025128,23.5169007361753,16.0161720097197,30.0910986290701,0
"187","TD_labeling_6d_3_1","TD","2",3,"72h",0.0731,71.8833333333333,0.675835481774253,6.22175602600615,6.37404328398083,18.6351207069928,17.305403401628,29.5070667558182,0
"188","TD_labeling_6d_3_2","TD","2",3,"72h",0.0721,71.8833333333333,0.623017263290177,6.62358670216211,6.08778804618776,22.8891664564063,15.2798941043934,29.4191746926426,0
"189","TD_labeling_6d_3_3","TD","2",3,"72h",0.0483,71.8833333333333,0.751545452299674,7.91359446708995,9.00689963057146,47.5095421659633,17.8351934912451,40.5625400562039,0
"190","TD_labeling_6d_3_4","TD","2",3,"72h",0.1011,71.8833333333333,0.838391238310017,7.26057238732483,5.70107499512169,19.5648466044295,14.4438323254561,23.7112348998787,0
"191","TD_labeling_6d_4_1","TD","2",4,"72h",0.1042,71.7166666666667,0.573333967224697,4.56620846732702,4.98359090222151,12.6610086518972,10.9396235608325,16.9080220882,0
"192","TD_labeling_6d_4_2","TD","2",4,"72h",0.0847,71.7166666666667,0.666009238872531,6.28522317434291,6.47611476343617,28.099737416455,10.3624593982959,23.4251211131991,0
"193","TD_labeling_6d_4_3","TD","2",4,"72h",0.0856,71.7166666666667,0.748927263763682,7.82782209086449,6.06532412052983,19.5755027836873,33.318623432386,51.5025818467634,0
"194","TD_labeling_6d_4_4","TD","2",4,"72h",0.0757,71.7166666666667,0.778667986658384,8.4553600653574,6.04601451891788,27.3540597752873,11.9573401764125,28.4319791074602,0
"195","pre_labeling_(3)_14d_1","pre_labeling","3",1,"14",0.0701,NA,0.669461669747104,7.07302532494448,6.48306689824936,22.3646260976893,2.05130221330371,12.8987661055418,0
"196","pre_labeling_(3)_14d_2","pre_labeling","3",2,"14",0.1007,NA,0.676939337987635,4.83753502443132,6.32353005464469,25.8658148190062,2.34674395369397,9.55194169166653,0
"197","pre_labeling_(3)_14d_3","pre_labeling","3",3,"14",0.0898,NA,1.03695058162742,6.6319018123742,5.49946324028162,14.8401581875351,0.807114623069046,6.57343020241532,0
"198","pre_labeling_(3)_14d_4","pre_labeling","3",4,"14",0.1006,NA,0.578801267138783,5.03615177228065,6.01425807939416,21.7046086445255,3.26776343184878,10.7577938337625,0
"199","pre_labeling_(3)_14d_5","pre_labeling","3",5,"14",0.0514,NA,0.718762168068227,10.4924209983397,7.35192550340806,33.0341769707331,2.2942477290144,25.9076266482881,0
"200","pre_labeling_(3)_14d_6","pre_labeling","3",6,"14",0.0608,NA,0.499853130773074,6.55082447820284,7.58859329186095,34.8665057385199,2.48237427988436,17.4510986053161,0
"201","pre_labeling_(3)_14d_7","pre_labeling","3",7,"14",0.0604,NA,0.606595571868111,6.69725476304132,5.77031441966983,23.8810620715142,1.89487361212347,14.6559037993224,0
"202","pre_labeling_(3)_14d_8","pre_labeling","3",8,"14",0.0895,NA,0.545846030211458,4.47270723300923,6.86177672955463,21.6360510325152,1.77800964295585,11.412744623714,0
"203","pre_labeling_(3)_14d_9","pre_labeling","3",9,"14",0.1223,NA,0.740983465451748,4.95586545631696,6.86119760032971,17.5993734464579,2.45076021671896,8.24243652350777,0
"204","pre_labeling_(3)_14d_10","pre_labeling","3",10,"14",0.0815,NA,0.953135683660517,4.6671637014965,5.9282770287629,16.8420674526511,3.04709995725491,9.87970696415509,0
"205","ref_6.25d_1_1","ref","3",1,"6h",0.0724,NA,0.717398824490351,5.15799552501622,3.72571914721823,10.2440269730026,2.33436322559675,5.89363346380044,0
"206","ref_6.25d_1_2","ref","3",1,"6h",0.0921,NA,0.852196674824804,8.11021132714628,4.64101636659162,14.7804628342787,2.39768948443465,13.1038122138099,0
"207","ref_6.25d_1_3","ref","3",1,"6h",0.0976,NA,0.699093554112623,4.89449080329675,4.95908313956387,12.0451760095318,2.14604695937104,8.14316567068354,0
"208","ref_6.25d_2_1","ref","3",2,"6h",0.0761,NA,0.647111543607586,6.74477252888759,7.21093770633049,35.5282888181847,2.06626466744603,16.0410029931488,0
"209","ref_6.25d_2_2","ref","3",2,"6h",0.0472,NA,0.718931548659207,10.3046051218123,9.79652650416203,44.0255697380805,2.34788568347232,26.4529063326719,0
"210","ref_6.25d_2_3","ref","3",2,"6h",0.0937,NA,0.672302545158629,6.20651175332327,5.91229571080494,17.7066314330472,2.62384326052594,16.4667153749975,0
"211","ref_6.25d_3_1","ref","3",3,"6h",0.0624,NA,0.605905660279072,4.96003972098521,5.65050370121498,19.3299932563801,2.35703463780669,12.4850387441294,0
"212","ref_6.25d_3_2","ref","3",3,"6h",0.0809,NA,0.745487369871798,6.32237821569677,7.12604829624322,28.5658703242186,1.18546445922101,9.60249410927035,0
"213","ref_6.25d_3_3","ref","3",3,"6h",0.1273,NA,0.681556711318702,5.03259539144352,5.89639289979013,15.4876440837918,2.82342650859283,9.02969917953417,0
"214","TD_labeling_6.25d_1_1","TD","3",1,"6h",0.0873,6,0.664244693870431,6.36389419756019,6.50946259487223,20.5335043900106,2.22903535817715,11.7557184060568,0
"215","TD_labeling_6.25d_1_2","TD","3",1,"6h",0.1011,6,0.751384524060737,4.86649523759889,6.73823685676613,23.1237588352589,5.04657301835138,13.9048993376105,0
"216","TD_labeling_6.25d_1_3","TD","3",1,"6h",0.1247,6,0.678709810645556,5.96081762540042,6.16564277026322,19.4098199268024,4.47418462496353,13.7641547410491,0
"217","TD_labeling_6.25d_2_1","TD","3",2,"6h",0.048,6,0.734150752345333,11.4043968624852,15.5085555133095,95.9504968434573,4.07179280331195,35.9469993112033,0
"218","TD_labeling_6.25d_2_2","TD","3",2,"6h",0.0696,6,0.821971671314299,3.96602023388742,6.20381062315352,18.5411356243509,2.68886690203454,10.9712105172086,0
"219","TD_labeling_6.25d_2_3","TD","3",2,"6h",0.104,6,1.00572429718908,7.39359261856889,6.04805938928917,22.7295356851095,4.33423751580357,14.1142850357883,0
"220","TD_labeling_6.25d_3_1","TD","3",3,"6h",0.05,6.11666666666667,1.07524655803811,9.98570800793946,11.2664634720704,48.7888929133565,4.27646339467568,18.7500358402011,0
"221","TD_labeling_6.25d_3_2","TD","3",3,"6h",0.1075,6.11666666666667,0.689180250468799,4.7658113503819,6.1645738118236,21.0655002136547,2.86539917392194,12.0703177029801,0
"222","TD_labeling_6.25d_3_3","TD","3",3,"6h",0.0753,6.11666666666667,0.773443410528922,7.67848101330524,6.42402867271093,25.1415132835001,1.79131519280487,17.2368065685125,0
"223","TD_labeling_6.25d_4_1","TD","3",4,"6h",0.0694,6.11666666666667,0.772515810624724,8.50345840837634,7.97851736819887,37.7810053094047,3.99519229123679,23.9302558222139,0
"224","TD_labeling_6.25d_4_2","TD","3",4,"6h",0.065,6.11666666666667,0.539818553235692,7.14195562166833,7.91861404974961,35.1673011655972,6.63999793087414,23.2692129525228,0
"225","TD_labeling_6.25d_4_3","TD","3",4,"6h",0.0573,6.11666666666667,0.789929684882703,7.21140987094612,5.52388407764806,20.4157546690122,4.78775947742475,20.5024125111543,0
"226","ref_7d_1_1","ref","3",1,"24h",0.0666,NA,1.20810640242158,8.92737189761686,7.28113203178816,32.8340493587773,4.58210021436649,15.244989629989,0
"227","ref_7d_1_2","ref","3",1,"24h",0.0727,NA,0.582324260187854,7.57544394655987,6.184318745874,21.0479760642021,2.83858583401208,18.3196255734925,0
"228","ref_7d_1_3","ref","3",1,"24h",0.0707,NA,0.450939412112191,5.00869341759289,4.22090651834829,14.6311515346654,2.31179872631599,14.6580552499291,0
"229","ref_7d_2_1","ref","3",2,"24h",0.1253,NA,0.460726146962749,3.89137540028986,7.98335469043537,24.4670672456072,2.39937788233002,7.85686948034666,0
"230","ref_7d_2_2","ref","3",2,"24h",0.0635,NA,0.592615318273799,5.94552879291011,7.08481413463599,29.2102983874099,3.18843846162563,22.5407135892926,0
"231","ref_7d_2_3","ref","3",2,"24h",0.0701,NA,0.585008339969023,5.74012718940914,5.72874120711258,21.1215535648164,2.64264616926137,12.1103327107403,0
"232","ref_7d_3_1","ref","3",3,"24h",0.1111,NA,0.614976015558181,5.98564866895335,7.7910967555882,34.2836506602317,2.00504526562253,17.959772522917,0
"233","ref_7d_3_2","ref","3",3,"24h",0.0852,NA,0.47700032521973,4.46932672601337,4.74678781940969,13.8508498268507,2.35701687923155,10.7620852011635,0
"234","ref_7d_3_3","ref","3",3,"24h",0.0539,NA,0.707964910180755,9.42698669236102,8.81163809936321,44.3781490105991,2.93882056017505,17.6447608397726,0
"235","Bioa_labeling_7d_1_1","Bioa","3",1,"24h",0.1033,23.8666666666667,0.559121293324419,4.21228583265481,5.27957996000759,14.3048170649095,3.34027752278412,7.69597192306438,0
"236","Bioa_labeling_7d_1_2","Bioa","3",1,"24h",0.1177,23.8666666666667,0.782975337585196,9.92550436668118,6.39295297579378,24.3554761434541,3.72596484064375,18.9032364540261,0
"237","Bioa_labeling_7d_1_3","Bioa","3",1,"24h",0.1034,23.8666666666667,0.495202003181988,4.44039387359344,5.1895044285289,13.0358783120783,4.5165821372372,13.153172575438,0
"238","Bioa_labeling_7d_1_4","Bioa","3",1,"24h",0.0906,23.8666666666667,0.728600145980814,5.42860828019324,5.33148859471777,16.7357783229348,2.9926969897291,8.77901516100041,0
"239","Bioa_labeling_7d_2_1","Bioa","3",2,"24h",0.0813,23.9166666666667,0.812818921996434,8.18646619757099,6.57316527158105,22.8443630287019,2.20340835796393,15.4353776479522,0
"240","Bioa_labeling_7d_2_2","Bioa","3",2,"24h",0.0941,23.9166666666667,0.743713013649925,7.74477101616456,8.08658038088059,31.7534288245262,2.25278682589445,15.6459010050589,0
"241","Bioa_labeling_7d_2_3","Bioa","3",2,"24h",0.0687,23.9166666666667,0.726226576595792,5.65001500969036,14.506425975374,33.1234542901582,2.72380253425,10.2170899236904,0
"242","Bioa_labeling_7d_2_4","Bioa","3",2,"24h",0.1042,23.9166666666667,0.62467272752094,5.49952921559275,5.6500065969104,18.8738452057053,2.42155459185059,10.1314950344076,0
"243","Bioa_labeling_7d_3_1","Bioa","3",3,"24h",0.0834,23.95,0.740367255313539,5.14041200617205,5.0131733484386,12.7736798360784,2.4302903613328,6.64527957846177,0
"244","Bioa_labeling_7d_3_2","Bioa","3",3,"24h",0.0788,23.95,0.667849249806766,6.20050724469836,5.8571421845998,20.1646612770416,3.06180937955541,17.3525304511385,0
"245","Bioa_labeling_7d_3_3","Bioa","3",3,"24h",0.0894,23.95,0.867378356692864,6.33888349169518,6.15732840770073,17.0276253641455,3.75185920446529,11.0268829539245,0
"246","Bioa_labeling_7d_3_4","Bioa","3",3,"24h",0.089,23.95,0.531619955427513,5.04451894492983,6.91231959181713,30.1942016147564,3.16324874438776,13.6834410785899,0
"247","Bioa_labeling_7d_4_1","Bioa","3",4,"24h",0.0981,23.9833333333333,0.845115957846677,6.43275418928515,4.53436082870087,12.9692835339209,2.7980492507764,11.1885889850562,0
"248","Bioa_labeling_7d_4_2","Bioa","3",4,"24h",0.0582,23.9833333333333,0.537224325657128,5.35029895017664,6.54821447298034,25.8913350602594,3.45854505041228,15.643748018568,0
"249","Bioa_labeling_7d_4_3","Bioa","3",4,"24h",0.0552,23.9833333333333,0.929969890285983,9.48828489487699,7.73359406134916,31.9344612065059,4.59384165116924,18.2965716131209,0
"250","Bioa_labeling_7d_4_4","Bioa","3",4,"24h",0.0822,23.9833333333333,0.405550827855439,5.11893781007689,5.46796411287218,14.4817029232205,3.49300653494849,13.0514131244224,0
"251","TD_labeling_7d_1_1","TD","3",1,"24h",0.1199,23.95,0.966011424185272,6.87029121412566,8.28686100261455,35.0317111641573,4.17432582418904,13.1011918627698,0
"252","TD_labeling_7d_1_2","TD","3",1,"24h",0.0897,23.95,0.564491469138308,6.14305977725424,9.5106728714402,24.4288712801837,4.15763453039047,15.1160886125681,0
"253","TD_labeling_7d_1_3","TD","3",1,"24h",0.0644,23.95,0.647691494908015,5.17549272704681,6.18962320178981,18.7473037900661,7.898084734688,15.1231852731119,0
"254","TD_labeling_7d_2_1","TD","3",2,"24h",0.093,23.95,0.634971638023092,7.06428720629963,7.1313782867381,31.3391015578396,9.50083972300336,27.1628128523336,0
"255","TD_labeling_7d_2_2","TD","3",2,"24h",0.0617,23.95,0.917252085057914,10.6138942473702,8.11250749196193,41.8932971204003,5.37002871812445,27.6692093197255,0
"256","TD_labeling_7d_2_3","TD","3",2,"24h",0.081,23.95,0.759524199788421,7.79477641814368,8.00088575991435,37.4383005529756,8.58800694070471,24.9750871301291,0
"257","TD_labeling_7d_3_1","TD","3",3,"24h",0.0944,23.9833333333333,0.662389716058698,4.67322822533356,6.45010092065549,17.1387185442124,5.4861503280162,10.9330338139195,0
"258","TD_labeling_7d_3_2","TD","3",3,"24h",0.0998,23.9833333333333,0.583928074342281,5.01472327476402,8.01896929859992,26.7771603481364,8.82441478081872,19.0976858075534,0
"259","TD_labeling_7d_3_3","TD","3",3,"24h",0.0663,23.9833333333333,0.73578427007109,8.76775691413893,6.7011080450937,23.8674606843977,5.7553843735611,23.9361916438844,0
"260","TD_labeling_7d_4_1","TD","3",4,"24h",0.0747,23.9833333333333,0.660095807893719,8.53385948897165,6.79702244439681,28.009336058621,9.71057598971078,27.7015145861986,0
"261","TD_labeling_7d_4_2","TD","3",4,"24h",0.1137,23.9833333333333,0.642383964256419,3.91068789091327,4.32066225863683,9.86612310326828,4.19214129412931,9.02652161577243,0
"262","TD_labeling_7d_4_3","TD","3",4,"24h",0.1137,23.9833333333333,0.912081276159401,7.57594811351517,5.9550378058712,21.0520734081557,6.63972437844616,19.8624797070236,0
"263","ref_9d_1_1","ref","3",1,"72h",0.0647,NA,0.853606294282327,9.74362960529721,4.97139463808119,16.7771947972006,1.64743000564247,18.8554037450252,0
"264","ref_9d_1_2","ref","3",1,"72h",0.0718,NA,0.800782832341727,6.73839506352949,5.18866918931427,11.0768581122447,1.98161220370259,9.68108774314901,0
"265","ref_9d_1_3","ref","3",1,"72h",0.0586,NA,0.66374329044095,4.56502106955865,5.31175495985882,15.908257104963,2.15887938799936,9.56075602448923,0
"266","ref_9d_2_1","ref","3",2,"72h",0.1606,NA,0.52778222895874,3.06985315996365,4.57950814321962,10.3332397329461,3.1944574196219,6.35423234349625,0
"267","ref_9d_2_2","ref","3",2,"72h",0.058,NA,0.51951246158889,6.1850755493307,5.58234542352331,21.9983614377324,2.52345021247886,23.523364795763,0
"268","ref_9d_3_1","ref","3",3,"72h",0.0453,NA,0.818004240119516,9.87911030522532,6.11686109383807,21.6875859038271,2.8070036720795,22.8638284407844,0
"269","ref_9d_3_2","ref","3",3,"72h",0.1113,NA,0.581649734124875,4.13042810261092,6.68139377652773,15.4325611956074,2.52878436162436,7.88839237573526,0
"270","ref_9d_3_3","ref","3",3,"72h",0.1021,NA,0.989350711781629,5.89968732301809,4.95149197071853,13.762186412515,2.16375052147616,10.2292295514134,0
"271","TD_labeling_9d_1_1","TD","3",1,"72h",0.0958,71.1333333333333,0.734896659197542,10.087174422132,11.3855280841181,56.7514012401841,20.8650930743788,45.0943618559906,0
"272","TD_labeling_9d_1_2","TD","3",1,"72h",0.1064,71.1333333333333,0.520587126076514,5.52379931580286,6.14536887884536,17.4135666539309,15.6603345447892,26.3175773972575,0
"273","TD_labeling_9d_1_3","TD","3",1,"72h",0.0735,71.1333333333333,0.709714995071682,6.65512012879195,6.17708741253316,16.0438209560058,14.6969295185795,25.9685493330057,0
"274","TD_labeling_9d_1_4","TD","3",1,"72h",0.0806,71.1333333333333,0.763516710570283,8.38920483979403,5.62992806652093,16.8458756536751,16.7375582533714,27.5190857788684,0
"275","TD_labeling_9d_2_1","TD","3",2,"72h",0.072,71.2333333333333,0.655544345226933,5.05401881756867,7.22721726244053,26.2875046057175,9.58475828737071,15.3923523873859,0
"276","TD_labeling_9d_2_2","TD","3",2,"72h",0.0817,71.2333333333333,0.715012815389505,7.40684433760756,4.5886048332547,12.866239057841,23.3889811309267,35.4046527150324,0
"277","TD_labeling_9d_2_3","TD","3",2,"72h",0.0734,71.2333333333333,0.612026753256933,6.20374511620708,6.36254499862055,17.3134167632907,14.9346099318456,25.6918170766474,0
"278","TD_labeling_9d_2_4","TD","3",2,"72h",0.0504,71.2333333333333,0.593342097375648,6.22650998437274,6.38188355958273,24.0673707534587,16.1709928793079,24.6000143129874,0
"279","TD_labeling_9d_3_1","TD","3",3,"72h",0.0771,71.45,0.641689633155549,6.57759944367705,4.58687748173008,15.065813269557,9.34107686209598,22.1749121540241,0
"280","TD_labeling_9d_3_2","TD","3",3,"72h",0.0559,71.45,0.918451790850353,8.23907243400358,6.22994734537841,19.847719873321,12.7719696530804,24.0085411342904,0
"281","TD_labeling_9d_3_3","TD","3",3,"72h",0.0691,71.45,0.584147969798456,6.57309402057558,5.27737294540596,13.0588978603011,17.8814116525451,31.4597027753228,0
"282","TD_labeling_9d_3_4","TD","3",3,"72h",0.0428,71.45,0.663777725377764,7.15055373716171,6.62930987932191,19.7960230313146,18.4839186796869,37.6336267139252,0
"283","TD_labeling_9d_4_1","TD","3",4,"72h",0.0651,71.2,0.696220633386013,6.4890015352931,5.09460502806341,15.2097237982884,11.5503648128902,19.2800138243623,0
"284","TD_labeling_9d_4_2","TD","3",4,"72h",0.0793,71.2,0.654489424500447,7.66596163549994,6.26716694163442,26.4308101731181,18.3355395542079,29.9533673514345,0
"285","TD_labeling_9d_4_3","TD","3",4,"72h",0.055,71.2,0.674470755170915,7.56672840079599,6.66091138416663,20.0820838916159,15.8117591599247,31.5438862427943,0
"286","TD_labeling_9d_4_4","TD","3",4,"72h",0.0911,71.2,0.583073873094165,6.10877955230908,6.03440551881178,21.0843659657859,12.6927179810129,22.6392515808598,0
"287","pre_labeling_(4)_14d_1","pre_labeling","4",1,"24h",0.063,NA,1.16750832741915,9.04211872860835,5.19563274034367,16.6618378738184,2.3364777674077,14.539001294155,0
"288","pre_labeling_(4)_14d_2","pre_labeling","4",2,"24h",0.0556,NA,0.699451640765882,5.55660382336632,4.39552443056415,11.6779331446599,1.903580473825,8.50640729183338,0
"289","pre_labeling_(4)_14d_3","pre_labeling","4",3,"24h",0.0771,NA,0.836855796869806,6.38299661241633,5.12583228717833,12.0772335065454,1.31471418468951,6.66633033376482,0
"290","pre_labeling_(4)_14d_4","pre_labeling","4",4,"24h",0.0626,NA,0.696967469358042,6.72197185863177,4.91229922093905,14.2626461409198,3.45446424411089,11.9295569291288,0
"291","pre_labeling_(4)_14d_5","pre_labeling","4",5,"24h",0.0882,NA,0.790560203729498,7.05849533885283,5.46035432176533,21.4100793344439,2.05103465608097,11.89934667217,0
"292","pre_labeling_(4)_14d_6","pre_labeling","4",6,"24h",0.0625,NA,0.751068886388424,7.56467573967734,4.87957067632748,13.9445305021351,2.33982989809321,13.1190212005368,0
"293","pre_labeling_(4)_14d_7","pre_labeling","4",7,"24h",0.0827,NA,0.910680892546666,7.55802318935298,4.49563721558303,12.0045813135501,1.08450979012541,7.47294530556026,0
"294","pre_labeling_(4)_14d_8","pre_labeling","4",8,"24h",0.1014,NA,0.794611930954686,5.22766287120625,4.96418447722522,13.8585555867025,2.38823859453905,11.1805904854743,0
"295","pre_labeling_(4)_14d_9","pre_labeling","4",9,"24h",0.062,NA,0.749178536995809,7.54528415224305,4.52589242351866,15.4331264925357,1.4007542219661,10.0261196328488,0
"296","pre_labeling_(4)_14d_10","pre_labeling","4",10,"24h",0.093,NA,0.967141186016826,6.23304480310524,5.75878312489246,18.8813224426325,0.965969353470369,10.4382498304338,0
"297","ref_9.25d_1_1","ref","4",1,"6h",0.0742,NA,0.782289110668934,4.41031239269201,4.17680675111419,10.3463474392462,1.27931096791333,7.15199234420554,0
"298","ref_9.25d_1_2","ref","4",1,"6h",0.0886,NA,0.630915039009235,5.84543708352452,5.46068080802348,19.7245644216009,2.87045006530776,17.0465397891824,0
"299","ref_9.25d_1_3","ref","4",1,"6h",0.0602,NA,0.621045180950985,5.38520075609754,4.50224735706879,12.4713939862574,1.61914233725446,12.0046318392543,0
"300","ref_9.25d_2_1","ref","4",2,"6h",0.1,NA,0.950250845337478,6.78489761762218,4.10796641243411,10.7443388332465,3.65676271205597,11.6312554489189,0
"301","ref_9.25d_2_2","ref","4",2,"6h",0.0892,NA,0.865582574913151,9.64026973572707,6.96183532664542,29.2040751425202,2.89630102649439,18.3701158358697,0
"302","ref_9.25d_2_3","ref","4",2,"6h",0.0655,NA,0.962669706925083,7.12984103700021,4.45160123581806,11.0241381089917,1.89847580192577,7.40082153037118,0
"303","ref_9.25d_3_1","ref","4",3,"6h",0.0579,NA,0.974787776729545,7.25512578971424,5.1768396731188,13.7613653012536,3.61265380550216,11.5574574697219,0
"304","ref_9.25d_3_2","ref","4",3,"6h",0.0725,NA,1.07524178866254,6.86213311308182,3.90543874611663,8.85546549423828,2.804091559279,8.59790920191532,0
"305","ref_9.25d_3_3","ref","4",3,"6h",0.0726,NA,0.741109059610446,7.48155001678885,4.59028337074891,13.6079807062783,1.40033009649533,14.2372154325775,0
"306","TD_labeling_9.25d_1_1","TD","4",1,"6h",0.0705,6,1.32687260901164,10.2933171508492,5.18403594452834,15.2495945519696,1.23379495629638,8.32942447764217,0
"307","TD_labeling_9.25d_1_2","TD","4",1,"6h",0.078,6,0.774747342776529,7.86046298945826,3.99423611508887,10.3285543441267,4.36087994955873,16.9889012067742,0
"308","TD_labeling_9.25d_1_3","TD","4",1,"6h",0.0752,6,0.744680320978332,7.74000359034451,4.03434191304169,9.98767863281196,3.59210639500328,11.6545233230378,0
"309","TD_labeling_9.25d_2_1","TD","4",2,"6h",0.0374,5.93333333333333,0.848218191546343,11.9143032667157,3.23488389141627,9.7700592327378,2.38272077538904,13.6066529337794,0
"310","TD_labeling_9.25d_2_2","TD","4",2,"6h",0.092,5.93333333333333,0.825699224402943,7.06560163599204,4.57468831041026,14.6913611684112,2.40871098165063,10.5148670095689,0
"311","TD_labeling_9.25d_2_3","TD","4",2,"6h",0.0553,5.93333333333333,0.854226101672119,9.88961485847725,5.10433686978299,21.7047262050523,3.93750981049403,16.5225658217885,0
"312","TD_labeling_9.25d_3_1","TD","4",3,"6h",0.0835,6.01666666666667,0.706298306895931,7.85599567907357,4.66221253001382,18.0529637395582,3.1953888185049,15.7841596874512,0
"313","TD_labeling_9.25d_3_2","TD","4",3,"6h",0.102,6.01666666666667,0.908426668359614,7.58012161710453,4.71901927263404,14.7021165517136,2.63349719222143,12.1683601257943,0
"314","TD_labeling_9.25d_3_3","TD","4",3,"6h",0.1075,6.01666666666667,0.636792535912793,3.92387264105966,3.98625140095607,9.25111266621026,2.09598765967286,7.88179540298526,0
"315","TD_labeling_9.25d_4_1","TD","4",4,"6h",0.0899,6.06666666666667,0.862592764882641,6.44770233919124,3.22953089250096,8.34729610945762,2.68437665977351,9.1419694136734,0
"316","TD_labeling_9.25d_4_2","TD","4",4,"6h",0.0875,6.06666666666667,0.807750700853471,5.06440476754886,4.67533523413285,11.0899656015705,3.93757045240115,8.4810473724834,0
"317","TD_labeling_9.25d_4_3","TD","4",4,"6h",0.0988,6.06666666666667,0.941404775710753,7.56870605580266,4.40365519393681,11.6038662302789,3.79727760898523,10.1783220535293,0
"318","ref_10d_1_1","ref","4",1,"24h",0.0755,NA,0.663193328093775,5.47576891648415,3.62229458604252,9.4393316546688,1.34777129089265,5.03404162895767,0
"319","ref_10d_1_2","ref","4",1,"24h",0.0896,NA,0.673809000899211,3.04762666051019,4.66609787892632,8.73227477248725,1.81309359851672,4.68451866787586,0
"320","ref_10d_1_3","ref","4",1,"24h",0.0795,NA,1.203074644827,8.84215761820844,3.9524449411655,10.3151141348226,2.89560521397595,9.81887905910271,0
"321","ref_10d_2_1","ref","4",2,"24h",0.0909,NA,1.20333941379062,9.43353088597386,5.40214485328708,16.1219413089626,2.37225078452819,10.7709848343055,0
"322","ref_10d_2_2","ref","4",2,"24h",0.0752,NA,0.761953541202026,5.99538599075485,4.97132759874047,11.0961162526117,1.4932455870609,9.98090785407702,0
"323","ref_10d_2_3","ref","4",2,"24h",0.0717,NA,1.01085549332772,9.11367338506774,5.56074674682064,17.7449316072557,2.14740319969568,12.4765770851851,0
"324","ref_10d_3_1","ref","4",3,"24h",0.0859,NA,0.831157314641356,8.9279498327645,5.52304071356163,18.4921710177083,1.09029500619554,15.4706693876442,0
"325","ref_10d_3_2","ref","4",3,"24h",0.0633,NA,1.04587161068727,7.82546573912842,5.25213572366999,13.166082874585,2.23594453694819,12.1482670426266,0
"326","ref_10d_3_3","ref","4",3,"24h",0.0532,NA,0.796365705718075,9.06229104440999,5.37449589591181,21.0989426030788,1.88772152489575,12.5709909765234,0
"327","Bioa_labeling_10d_1_1","Bioa","4",1,"24h",0.0935,24.1333333333333,0.701355726702593,6.29828586156786,4.13669293112207,10.7647207093318,3.27270786609804,14.8916056745148,0
"328","Bioa_labeling_10d_1_2","Bioa","4",1,"24h",0.1047,24.1333333333333,0.668701449448674,6.38629947398247,3.92202443096255,10.4463255164148,1.74524169062675,10.26083312964,0
"329","Bioa_labeling_10d_1_3","Bioa","4",1,"24h",0.0956,24.1333333333333,0.878466561406186,5.71838424213349,4.91635833043622,10.4108619712976,1.94608165022838,7.4014656019267,0
"330","Bioa_labeling_10d_1_4","Bioa","4",1,"24h",0.1003,24.1333333333333,0.876179607464863,6.78507447841171,4.93504591636071,13.5705023604261,3.26656444595308,11.7792012238502,0
"331","Bioa_labeling_10d_2_1","Bioa","4",2,"24h",0.0878,24.1666666666667,0.881561184186701,7.68989067156257,4.78415875688846,10.4832577402617,1.23859830490269,6.81252136602209,0
"332","Bioa_labeling_10d_2_2","Bioa","4",2,"24h",0.0756,24.1666666666667,1.0696921754783,6.62806448118637,3.83505720821501,8.19518275122197,1.91833705359802,5.08305106102417,0
"333","Bioa_labeling_10d_2_3","Bioa","4",2,"24h",0.0704,24.1666666666667,0.897765590593641,8.87631457407491,5.18682524504054,13.8580295133235,2.04903116703707,14.7785783952036,0
"334","Bioa_labeling_10d_2_4","Bioa","4",2,"24h",0.0732,24.1666666666667,0.797819702692481,7.5059207588014,4.50289129559633,10.6992311939907,1.88280841822226,9.90505423551908,0
"335","Bioa_labeling_10d_3_1","Bioa","4",3,"24h",0.0985,24.3166666666667,0.612422267554671,6.2248639911003,4.93168360084529,12.8033722450265,2.59672384960086,9.16006601600536,0
"336","Bioa_labeling_10d_3_2","Bioa","4",3,"24h",0.1159,24.3166666666667,0.640771335254685,3.95159911796676,3.80573780839724,7.31212780311455,1.70852944560736,5.77525992894592,0
"337","Bioa_labeling_10d_3_3","Bioa","4",3,"24h",0.09,24.3166666666667,0.694407818291559,6.32846437520434,4.2645415401989,10.0646728060561,2.80117533690143,8.39963693592661,0
"338","Bioa_labeling_10d_3_4","Bioa","4",3,"24h",0.1007,24.3166666666667,0.709281743797726,5.49292952568249,4.6868739358591,11.3154101930095,2.97027966999657,9.51967695202723,0
"339","Bioa_labeling_10d_4_1","Bioa","4",4,"24h",0.1084,24.1166666666667,0.594775952854816,5.42180950482238,4.05623590055439,9.011683914185,2.14771240062752,9.24483596047244,0
"340","Bioa_labeling_10d_4_2","Bioa","4",4,"24h",0.1044,24.1166666666667,0.530889926126578,5.06006700257931,4.50748136029805,10.1270517905049,2.30080057805263,8.21275157618964,0
"341","Bioa_labeling_10d_4_3","Bioa","4",4,"24h",0.1051,24.1166666666667,0.771811683508089,8.49337420389968,4.57048309329876,11.0689477982435,2.17466031677354,16.7507425513631,0
"342","Bioa_labeling_10d_4_4","Bioa","4",4,"24h",0.0732,24.1166666666667,0.741797115091681,5.6222872257165,5.30264726496682,14.7748378333549,3.30008212745844,8.94022860281757,0
"343","TD_labeling_10d_1_1","TD","4",1,"24h",0.0851,24.2833333333333,0.860356157319968,6.79443333329944,4.07254467368791,8.28492403725296,3.48553632804755,7.15034849230755,0
"344","TD_labeling_10d_1_2","TD","4",1,"24h",0.102,24.2833333333333,0.914973582772301,7.83680241992273,4.38102071395824,10.4615484418176,3.38216197768207,9.67406879072041,0
"345","TD_labeling_10d_1_3","TD","4",1,"24h",0.0841,24.2833333333333,0.788484818519804,5.22311778424478,3.60157601720873,9.2969552021722,1.99925002596858,5.43806916797846,0
"346","TD_labeling_10d_2_1","TD","4",2,"24h",0.0816,24.1833333333333,1.00309354988878,9.98823292465964,4.35773344452592,13.6180686746832,5.96617672033831,15.8237439033255,0
"347","TD_labeling_10d_2_2","TD","4",2,"24h",0.0789,24.1833333333333,0.965980261338918,9.59559372713077,5.78386467513779,16.622073002155,4.79475175943816,13.9233007837037,0
"348","TD_labeling_10d_3_1","TD","4",3,"24h",0.0985,24.2333333333333,0.731758302647985,3.77994197460906,4.38893697739377,8.86099017791548,3.37539102291674,6.27637587017519,0
"349","TD_labeling_10d_3_2","TD","4",3,"24h",0.089,24.2333333333333,0.676092417122668,5.37910637913665,3.50194902217493,7.58242600038163,9.56749460164088,11.7777491553526,0
"350","TD_labeling_10d_3_3","TD","4",3,"24h",0.0958,24.2333333333333,0.712766899458228,5.63519989731661,4.96002827626218,11.0672338358266,4.41499766941418,7.82335839997993,0
"351","TD_labeling_10d_4_1","TD","4",4,"24h",0.0813,24.25,0.915151470402972,9.69046777224793,4.11261124789522,9.90121638716217,5.09953092156048,14.3683993444959,0
"352","TD_labeling_10d_4_2","TD","4",4,"24h",0.0657,24.25,1.14344335103316,10.7210046943127,4.12517975869805,9.27202876122394,7.21758636007998,13.2970193761271,0
"353","TD_labeling_10d_4_3","TD","4",4,"24h",0.064,24.25,0.795371489248555,7.8924606401108,3.5904299432384,8.34634055901425,10.1712868089044,17.7482070457744,0
"354","ref_12d_1_1","ref","4",1,"72h",0.0669,NA,0.940507271325771,6.25495533152851,3.71639919428822,8.9925680642086,1.45885937129692,5.69997218646654,0
"355","ref_12d_1_2","ref","4",1,"72h",0.0774,NA,0.762382296920529,5.91919353792744,4.16835170098398,9.42768240994125,2.25587598713068,6.91375012803018,0
"356","ref_12d_1_3","ref","4",1,"72h",0.0887,NA,0.644223981356995,4.03005997831915,4.03463430729337,7.71522261570082,2.70262679350947,8.05480103389879,0
"357","ref_12d_2_1","ref","4",2,"72h",0.0677,NA,0.762973116349968,9.12746644070674,5.04341930951081,12.9592766696474,1.41906840903089,16.4959878153235,0
"358","ref_12d_2_2","ref","4",2,"72h",0.0915,NA,0.926492432633509,5.65400308559234,4.74117225847054,13.2071884923863,2.78293419684906,9.03199555828858,0
"359","ref_12d_2_3","ref","4",2,"72h",0.0462,NA,1.14221275799267,10.2601576926764,4.92000667445271,11.2765045094213,0.9845383182592,12.3869367480279,0
"360","ref_12d_3_1","ref","4",3,"72h",0.0859,NA,0.910748545514148,6.5231072953879,4.14468289901415,8.75849055102603,0.952161880196053,7.24105902717765,0
"361","ref_12d_3_2","ref","4",3,"72h",0.07,NA,0.810043920961774,4.85721064798752,3.86589012465582,7.85813985512964,1.92861978306318,7.47588668606267,0
"362","ref_12d_3_3","ref","4",3,"72h",0.0771,NA,0.640011395508985,4.81996693908018,3.8971381303294,9.91525822794787,1.1139566041967,8.8032710622395,0
"363","TD_labeling_12d_1_1","TD","4",1,"72h",0.0746,71.3333333333333,0.867593414129347,6.17888543020839,5.44343246344309,9.43564285412075,13.7462352117591,22.5551262904237,0
"364","TD_labeling_12d_1_3","TD","4",1,"72h",0.0824,71.3333333333333,0.986127561507845,6.32789321618412,4.46515242816318,10.4282722998867,10.2586396469247,15.1166113886609,0
"365","TD_labeling_12d_1_4","TD","4",1,"72h",0.0882,71.3333333333333,0.75524576796661,5.89797558742175,3.40242539715956,7.13717995545923,11.3837019553748,17.0157386283215,0
"366","TD_labeling_12d_2_1","TD","4",2,"72h",0.0841,71.4166666666667,0.614090969346827,6.08614096002705,5.38384241532001,14.1367201830472,48.7434857062944,62.9146717364756,0
"367","TD_labeling_12d_2_2","TD","4",2,"72h",0.0816,71.4166666666667,0.568708321179184,6.1836723087171,5.10978621273643,13.7751071940482,9.03250531597949,16.5002549124658,0
"368","TD_labeling_12d_2_3","TD","4",2,"72h",0.0762,71.4166666666667,0.92559110135271,4.9487205940315,3.99780481357803,7.95953880019565,8.36197301394843,12.3272115523003,0
"369","TD_labeling_12d_2_4","TD","4",2,"72h",0.0726,71.4166666666667,0.856453128378684,5.47429287900015,4.18191832400863,8.43580868346296,7.63798178944313,11.9645808369519,0
"370","TD_labeling_12d_3_1","TD","4",3,"72h",0.0785,71.3166666666667,0.769842962350924,7.4132207924085,5.31962772528616,13.9942096287665,8.81945471631478,19.0329709142785,0
"371","TD_labeling_12d_3_2","TD","4",3,"72h",0.0811,71.3166666666667,0.690416338737807,6.24562275997309,3.96253434299549,8.43322822739212,14.8512094485302,22.6181412346659,0
"372","TD_labeling_12d_3_3","TD","4",3,"72h",0.0772,71.3166666666667,0.808495198385082,7.27984922295677,4.092899139334,10.6587173859459,11.1210216658198,18.7111976393073,0
"373","TD_labeling_12d_3_4","TD","4",3,"72h",0.066,71.3166666666667,0.83151844453137,7.14941169466109,4.90371934880611,12.2637789048907,6.90405192278715,13.8288812735715,0
"374","TD_labeling_12d_4_1","TD","4",4,"72h",0.0812,71.2833333333333,0.813628865983314,7.94817731686715,4.4170296776906,8.76664428152402,10.6939732911572,18.7094718846818,0
"375","TD_labeling_12d_4_2","TD","4",4,"72h",0.0737,71.2833333333333,0.901916075701497,9.40360974077334,4.39874850668331,10.8326677464705,5.68090911960992,16.059839848366,0
"376","TD_labeling_12d_4_3","TD","4",4,"72h",0.0731,71.2833333333333,0.807399446909614,8.00218309340253,4.6886807334787,12.0021673596489,6.36583931120368,14.2708414995148,0
"377","TD_labeling_12d_4_4","TD","4",4,"72h",0.0823,71.2833333333333,0.771778398581218,5.24327675970978,5.01256155250508,8.56037165519009,8.36234165120568,12.0388687051476,0
"378","pre_labeling_(5)_14d_1","pre_labeling","5",1,"14",0.0632,NA,0.916969548117529,6.81057687062481,4.96393071180803,14.508940786838,1.97571369322399,10.3452897283176,0
"379","pre_labeling_(5)_14d_2","pre_labeling","5",2,"14",0.0549,NA,0.741294206197537,7.66762851470077,6.18506719824274,22.3460250200959,1.18036157174819,10.7298598610546,0
"380","pre_labeling_(5)_14d_3","pre_labeling","5",3,"14",0.0511,NA,1.01530431432028,9.27987424774068,5.37214108940131,17.5902871986057,1.49713516789198,12.9572362814615,0
"381","pre_labeling_(5)_14d_4","pre_labeling","5",4,"14",0.052,NA,0.706718240039532,6.37814314497508,4.36044317835254,14.541414313922,3.18165025083697,12.8390871585855,0
"382","pre_labeling_(5)_14d_5","pre_labeling","5",5,"14",0.0642,NA,0.945394585656269,7.19819122574036,7.05545418775312,29.1537607279086,3.30381503350346,12.5979873738768,0
"383","pre_labeling_(5)_14d_6","pre_labeling","5",6,"14",0.0597,NA,1.07962415567371,8.28466082118984,6.38296400418878,26.8349830932179,1.62053318518733,10.4852278858059,0
"384","pre_labeling_(5)_14d_7","pre_labeling","5",7,"14",0.0665,NA,1.13204577841133,6.68487447944782,4.75772959906577,13.7709289846552,2.32346814186388,8.63551592541017,0
"385","pre_labeling_(5)_14d_8","pre_labeling","5",8,"14",0.0466,NA,0.852798648285013,6.60264205940576,4.43958566474794,12.0327693722715,1.16967401630168,6.22529294780399,0
"386","pre_labeling_(5)_14d_9","pre_labeling","5",9,"14",0.0564,NA,0.984076039777033,7.71875210427075,4.21536917965441,15.1119518947788,2.5118760939027,10.8760018020767,0
"387","pre_labeling_(5)_14d_10","pre_labeling","5",10,"14",0.0552,NA,0.867829077294319,6.78231142929658,5.81205333606991,20.2131669097963,1.59736549524236,9.58785102141641,0
"388","ref_12.25d_1_1","ref","5",1,"6h",0.1319,NA,0.812850041706144,4.77171690290071,4.41696204468103,10.9035590088618,3.26424958861219,6.5504611368376,0
"389","ref_12.25d_1_2","ref","5",1,"6h",0.0576,NA,1.39394433028444,11.1491216880238,4.87882476746275,18.4036350664393,1.00052257679677,11.2667298676653,0
"390","ref_12.25d_1_3","ref","5",1,"6h",0.0599,NA,0.854079140763507,10.8041076207903,6.14224793082145,24.1651685453361,3.35236449601174,20.0819000971301,0
"391","ref_12.25d_2_1","ref","5",2,"6h",0.0881,NA,0.866906548035767,8.52902170925229,5.11501779312828,14.6288100385065,0.630361922940248,11.3990801630843,0
"392","ref_12.25d_2_2","ref","5",2,"6h",0.0894,NA,1.20820952134266,6.84319872771154,5.70533180839273,12.7522693121189,1.76112972092231,6.55563259262289,0
"393","ref_12.25d_2_3","ref","5",2,"6h",0.0667,NA,0.85038277954927,7.08481447051831,5.66580071868268,19.8913692105817,2.55675587469419,9.65631951319983,0
"394","ref_12.25d_3_1","ref","5",3,"6h",0.106,NA,0.664960466907698,5.36135032906753,4.03471833156015,11.8196243397333,1.50438449887254,6.23413151567381,0
"395","ref_12.25d_3_2","ref","5",3,"6h",0.0816,NA,0.807029211827545,4.91858677085655,5.50625291023698,11.9973901156243,4.31238906479976,8.16534240782812,0
"396","ref_12.25d_3_3","ref","5",3,"6h",0.0793,NA,0.545005857100441,4.87970636040264,4.51934923258714,11.4844501482496,2.72370096155858,9.97677238441947,0
"397","TD_labeling_12.25d_1_1","TD","5",1,"6h",0.0817,6,0.978464320757922,7.47141333445307,5.91840899806222,15.9519906083617,3.72696534714526,10.3604132281964,0
"398","TD_labeling_12.25d_1_2","TD","5",1,"6h",0.074,6,0.682863918921968,5.42148544127935,3.58515732333407,9.03129593355931,2.23193667829013,7.76773747709047,0
"399","TD_labeling_12.25d_1_3","TD","5",1,"6h",0.0646,6,0.758481064704847,5.31608850314036,5.26869919348622,14.9646863386013,1.99103762124245,5.73293535159133,0
"400","TD_labeling_12.25d_2_1","TD","5",2,"6h",0.0721,6,0.807026474217645,10.0367091671043,5.34255542224613,19.3380631914413,4.15269889891058,14.5605704501826,0
"401","TD_labeling_12.25d_2_2","TD","5",2,"6h",0.1009,6,0.896994346638639,5.79799927835709,3.77527590863077,10.0449172942374,1.95294944953689,6.06758781644759,0
"402","TD_labeling_12.25d_2_3","TD","5",2,"6h",0.0778,6,0.906415027534116,6.66617908470848,4.66338283108216,12.0334457967603,2.31742991356614,7.25251924872658,0
"403","TD_labeling_12.25d_3_1","TD","5",3,"6h",0.0853,6.01666666666667,0.740357134920096,5.65896153860149,4.45046185495728,12.50467135133,1.66764517926607,6.02317993784835,0
"404","TD_labeling_12.25d_3_2","TD","5",3,"6h",0.0999,6.01666666666667,0.946183651234441,5.6920366629415,4.20199223395501,12.1368602480207,3.56712856615012,8.21787988123368,0
"405","TD_labeling_12.25d_3_3","TD","5",3,"6h",0.0951,6.01666666666667,0.631196080667653,5.23197827677433,4.50875296078765,12.9075250997862,2.66825980310516,11.5586976030541,0
"406","TD_labeling_12.25d_4_1","TD","5",4,"6h",0.0916,6.01666666666667,0.867333213673017,9.18142650948042,5.1484924757732,20.185693869231,1.94067853856524,10.8115782384896,0
"407","TD_labeling_12.25d_4_2","TD","5",4,"6h",0.0572,6.01666666666667,1.18094820557195,12.0307243927058,6.45609519728817,26.4230016090415,1.64131399402122,15.0315284278496,0
"408","TD_labeling_12.25d_4_3","TD","5",4,"6h",0.0698,6.01666666666667,1.02756107516426,10.6323546970023,6.55531557230996,19.8239057673287,7.76207971922434,20.7194944724016,0
"409","ref_13d_1_1","ref","5",1,"24h",0.0709,NA,0.708030520448808,7.58498715262948,6.2196287467251,25.3324383773496,2.64883441142834,14.1329290428675,0
"410","ref_13d_1_2","ref","5",1,"24h",0.0401,NA,1.02712638265437,8.22049868108441,4.93347200185939,11.4239841991801,0.563568228795833,7.76451648267252,0
"411","ref_13d_1_3","ref","5",1,"24h",0.0449,NA,0.602018218334655,5.66624521864755,5.19332099930938,15.7519797217733,2.3895909595029,11.8268831461801,0
"412","ref_13d_2_1","ref","5",2,"24h",0.0827,NA,0.974645389485342,7.93887668138242,4.61775531847201,13.9100467213406,2.36418499940564,7.19580922446348,0
"413","ref_13d_2_2","ref","5",2,"24h",0.0701,NA,0.809568990495398,6.83594584805309,3.49561432426261,9.30873397541085,1.54079161050172,6.50463492400881,0
"414","ref_13d_2_3","ref","5",2,"24h",0.059,NA,0.810515485600195,5.79745940609562,5.11316106404439,15.7562419823696,3.10574538169754,9.99945600194376,0
"415","ref_13d_3_1","ref","5",3,"24h",0.079,NA,0.938262327170098,8.80391507302056,6.23245795702813,23.0327191763159,2.33784987944676,12.521876946529,0
"416","ref_13d_3_2","ref","5",3,"24h",0.0621,NA,0.670080159626481,8.15331961551814,7.70100639497971,35.1933244480519,1.62383129662572,17.4967930943556,0
"417","ref_13d_3_3","ref","5",3,"24h",0.0549,NA,1.33578736324396,14.3717893977053,5.10276977227408,16.5465763980014,1.30353806786566,12.7105482311069,0
"418","Bioa_labeling_13d_1_1","Bioa","5",1,"24h",0.0807,23.8833333333333,0.897775626471003,5.88767664689027,5.03796789940096,12.9518760937897,2.14768869583002,9.0308740706426,0
"419","Bioa_labeling_13d_1_2","Bioa","5",1,"24h",0.0734,23.8833333333333,0.758732003228011,6.0109822041219,4.50636773025569,10.9799222416813,2.18118051412182,5.86429600589777,0
"420","Bioa_labeling_13d_1_3","Bioa","5",1,"24h",0.0974,23.8833333333333,1.11225778482547,9.37882456990982,4.2098910650106,11.2448767684592,2.12001395837602,7.46777803601137,0
"421","Bioa_labeling_13d_1_4","Bioa","5",1,"24h",0.1105,23.8833333333333,0.676249259953792,4.79344457832224,4.36561112185665,9.48641188480825,4.25501710209408,9.9455176528177,0
"422","Bioa_labeling_13d_2_1","Bioa","5",2,"24h",0.079,23.8833333333333,1.1797914301548,8.29376818837711,4.79312150582331,14.0012563512774,1.61817860489948,6.36954920016211,0
"423","Bioa_labeling_13d_2_2","Bioa","5",2,"24h",0.1263,23.8833333333333,0.712806850408472,3.66294808888348,3.59225573023186,6.9238711526742,1.49616421393111,4.18227128298078,0
"424","Bioa_labeling_13d_2_3","Bioa","5",2,"24h",0.0712,23.8833333333333,0.801642983746732,7.05554708449034,5.79403949676027,18.1127782694499,2.63378362288457,11.6986357509713,0
"425","Bioa_labeling_13d_2_4","Bioa","5",2,"24h",0.1136,23.8833333333333,0.694181014150306,7.45991306190482,5.19019895909187,16.137841204597,2.4407848552451,10.5009652707904,0
"426","Bioa_labeling_13d_3_1","Bioa","5",3,"24h",0.1114,24.0333333333333,0.831289072791092,6.77376696241609,4.12712022304646,9.29162359805713,1.48566854389981,7.09208954505544,0
"427","Bioa_labeling_13d_3_2","Bioa","5",3,"24h",0.0776,24.0333333333333,0.598076154981934,5.5716533768433,4.62205146070404,14.9827808177374,2.39824892944204,10.6601867169208,0
"428","Bioa_labeling_13d_3_3","Bioa","5",3,"24h",0.0633,24.0333333333333,0.633114780008417,5.61423617642702,4.62334322385061,12.0172600044856,2.46921470757655,11.8009301836631,0
"429","Bioa_labeling_13d_4_1","Bioa","5",4,"24h",0.1031,23.8833333333333,0.806277370256664,7.37209892097093,5.40587827948111,22.3971554204976,2.69201043391192,12.9057249002492,0
"430","Bioa_labeling_13d_4_2","Bioa","5",4,"24h",0.0868,23.8833333333333,1.13262446218433,9.72835457326632,4.32220313841906,13.926184796221,2.19904945561042,12.6669978208414,0
"431","Bioa_labeling_13d_4_3","Bioa","5",4,"24h",0.0758,23.8833333333333,1.26367051611444,7.87664940939753,4.77852762333247,11.8902292339102,2.98769829816054,7.92966993372918,0
"432","Bioa_labeling_13d_4_4","Bioa","5",4,"24h",0.1084,23.8833333333333,0.642150960330598,3.42532501303764,5.66973849188903,11.2160599542975,1.69041614522733,6.20447355392236,0
"433","TD_labeling_13d_1_1","TD","5",1,"24h",0.0834,23.9166666666667,0.422138413844716,3.57872586576599,2.14613980657488,7.22937727345777,1.53865399365427,4.86217983054059,0
"434","TD_labeling_13d_1_2","TD","5",1,"24h",0.0753,23.9166666666667,1.17132086812205,7.91020663160282,5.18000326818987,15.8616020873246,3.40707947603638,8.42332863730044,0
"435","TD_labeling_13d_1_3","TD","5",1,"24h",0.0698,23.9166666666667,0.985904804665806,8.68108770798574,4.1770658107073,10.8803851621957,4.34026894471296,15.8266283692795,0
"436","TD_labeling_13d_2_1","TD","5",2,"24h",0.0978,24,0.67789794981991,5.1466495181761,5.38181650689427,11.5111120089243,2.61542401770275,6.76272972065764,0
"437","TD_labeling_13d_2_2","TD","5",2,"24h",0.0931,24,1.01746649722579,9.41335172681985,4.84653069247223,17.1985454690312,8.0380129769469,15.9329640286708,0
"438","TD_labeling_13d_2_3","TD","5",2,"24h",0.0795,24,0.970767278322335,7.43053619405239,4.64147413048835,11.037134333705,4.83714156536626,11.4587500660953,0
"439","TD_labeling_13d_3_1","TD","5",3,"24h",0.0836,24.0333333333333,0.71505520469858,5.77650321846109,4.12461917659579,9.71783102346125,4.90640919067326,11.1583699649547,0
"440","TD_labeling_13d_3_2","TD","5",3,"24h",0.114,24.0333333333333,0.851736544395705,5.56778146956856,4.24354488662204,10.6200191014726,2.45671525211628,5.26231762094333,0
"441","TD_labeling_13d_3_3","TD","5",3,"24h",0.06,24.0333333333333,0.906622417178987,6.76060667036784,5.72239283375237,18.7476979872042,2.93744357194778,12.1235205558517,0
"442","TD_labeling_13d_4_1","TD","5",4,"24h",0.0875,24,0.800130619275937,4.63678037897688,3.95845126927879,10.971440801545,9.47966993412956,12.8543946112675,0
"443","TD_labeling_13d_4_2","TD","5",4,"24h",0.1044,24,0.752652327564487,5.72196069180218,4.58359936291994,12.0626673579037,3.25558326558832,10.1921497610766,0
"444","TD_labeling_13d_4_3","TD","5",4,"24h",0.0685,24,0.470745892559066,5.74338631782321,4.53589059459083,13.7259867404322,6.44938611750965,14.4475940792069,0
"445","ref_15d_1_1","ref","5",1,"72h",0.0636,NA,0.993949326436528,10.4569581152376,4.21013566459335,13.6204738570732,2.56161840671271,12.2895320514953,0
"446","ref_15d_1_2","ref","5",1,"72h",0.0769,NA,0.658149048909919,5.68967325985365,3.80704128823039,8.28404128212428,2.42096079983546,6.57837933275348,0
"447","ref_15d_1_3","ref","5",1,"72h",0.0701,NA,0.869681345383651,4.9368267362508,4.0334159751724,7.43395068877416,1.39667500547653,4.91159081887343,0
"448","ref_15d_2_1","ref","5",2,"72h",0.0635,NA,1.03997628037737,8.02723065557725,5.65649798698563,14.2698913335846,4.35125986304795,10.3225228690293,0
"449","ref_15d_2_2","ref","5",2,"72h",0.0713,NA,1.24281076852533,7.37363673037195,5.10631496115573,13.2659238120244,2.76086885346265,7.6045434866805,0
"450","ref_15d_2_3","ref","5",2,"72h",0.0804,NA,0.899133504766042,8.24289372448697,4.52091312380135,13.0216036827973,3.26478368352722,14.0500527080634,0
"451","ref_15d_3_1","ref","5",3,"72h",0.0638,NA,0.866689978847097,6.59068636518225,4.8345030980259,11.3929562317256,4.63362602577533,11.1058310521143,0
"452","ref_15d_3_2","ref","5",3,"72h",0.0586,NA,1.15786908815945,8.47996985890681,4.06655054916568,14.3340755873761,2.77727085282935,12.5156211478137,0
"453","ref_15d_3_3","ref","5",3,"72h",0.0608,NA,0.863920364532405,6.75891347848221,4.36912943849629,10.041327720949,2.18668929173114,9.42047083929774,0
"454","TD_labeling_15d_1_1","TD","5",1,"72h",0.0735,71.9666666666667,0.814067798061884,7.43361346083339,5.12393538249413,14.1474558819022,9.40777642490497,17.5018652672489,0
"455","TD_labeling_15d_1_2","TD","5",1,"72h",0.0726,71.9666666666667,0.991158975538993,7.85719878080348,3.86172411317203,11.0327675877662,7.13894680568366,12.8943016615095,0
"456","TD_labeling_15d_1_3","TD","5",1,"72h",0.0641,71.9666666666667,0.874857287414899,7.7073237292827,4.21448078719936,11.7984237131063,7.38657887708186,15.0795738092495,0
"457","TD_labeling_15d_1_4","TD","5",1,"72h",0.0808,71.9666666666667,0.76889107001221,5.99061003516851,5.08469747903434,10.3614621149614,8.94347276915307,13.5507499814739,0
"458","TD_labeling_15d_2_1","TD","5",2,"72h",0.1077,72.05,1.05557157601173,6.06594609174341,4.3449274444543,8.867057194615,5.96446723969563,10.660358744333,0
"459","TD_labeling_15d_2_2","TD","5",2,"72h",0.1019,72.05,0.814500842424096,5.67361505290661,3.59746966191227,8.51617591224429,9.5439072420448,12.2722696189467,0
"460","TD_labeling_15d_2_3","TD","5",2,"72h",0.0588,72.05,0.768600693671298,6.22500151787597,4.56891180941167,11.3212800106796,11.3615974608737,17.2904914791518,0
"461","TD_labeling_15d_2_4","TD","5",2,"72h",0.07,72.05,0.802426820077563,7.76163412710862,4.04023993502085,8.20152984986039,12.6823823064655,19.4521286717158,0
"462","TD_labeling_15d_3_1","TD","5",3,"72h",0.0828,71.9833333333333,0.689556368898663,4.30768581611069,4.18953049911961,9.10966962367351,4.63096317271567,8.20950476735142,0
"463","TD_labeling_15d_3_2","TD","5",3,"72h",0.0798,71.9833333333333,0.777292153548336,7.40468031826266,4.32946865696052,10.3163660588715,6.66753884269795,14.8711109485346,0
"464","TD_labeling_15d_3_3","TD","5",3,"72h",0.0792,71.9833333333333,0.975603464641346,8.66304273384699,4.66512333096545,14.0970364865262,4.50825582650929,12.29109583433,0
"465","TD_labeling_15d_3_4","TD","5",3,"72h",0.0833,71.9833333333333,0.918738856843383,8.0670601796452,4.95307976281711,10.07487241801,15.0238486491875,24.1279227834361,0
"466","TD_labeling_15d_4_1","TD","5",4,"72h",0.0768,71.9,1.11061996392278,7.17352090846646,5.13052423810546,12.4747475615992,8.96903348046846,15.5373851421414,0
"467","TD_labeling_15d_4_2","TD","5",4,"72h",0.0875,71.9,0.946580920483983,6.02931344487355,4.45296367079428,9.31397419054779,5.85371061176883,8.74339659382517,0
"468","TD_labeling_15d_4_3","TD","5",4,"72h",0.0872,71.9,1.43835793134623,9.30897162987204,4.48827745930906,11.3345894491991,5.95489714008257,11.1245401250425,0
"469","TD_labeling_15d_4_4","TD","5",4,"72h",0.0874,71.9,0.867755379410548,5.7127519393968,4.61143686540492,10.1344011514405,6.59462045822411,10.1686563289833,0
"470","pre_labeling_(6)_14d_1","pre_labeling","6",1,"14",0.1125,NA,0.642481973151218,3.84916785952597,4.15247375710194,10.1547204447488,3.12495749148812,7.29364360098997,0
"471","pre_labeling_(6)_14d_2","pre_labeling","6",2,"14",0.0675,NA,0.965949120582741,6.71824341813329,5.76986952103656,20.3673263283772,2.30351478391196,10.5915576495579,0
"472","pre_labeling_(6)_14d_3","pre_labeling","6",3,"14",0.0605,NA,0.877780544659057,5.99562711256008,5.69996022744859,14.1778321098765,0.760308212259607,4.96839044392607,0
"473","pre_labeling_(6)_14d_4","pre_labeling","6",4,"14",0.0556,NA,1.01792556865796,7.90053345568225,4.52703278687974,14.5191383720028,1.55404392164853,8.30018828103873,0
"474","pre_labeling_(6)_14d_5","pre_labeling","6",5,"14",0.0457,NA,0.876387277666598,7.49982477092397,6.22389189276878,22.5427009299248,1.33701993523105,13.322198727728,0
"475","pre_labeling_(6)_14d_6","pre_labeling","6",6,"14",0.0601,NA,1.08607965164768,5.33448895092313,4.23863936096962,12.7424699589588,0.83612852733308,4.97337998379821,0
"476","pre_labeling_(6)_14d_7","pre_labeling","6",7,"14",0.087,NA,0.566524579469852,4.37337494328898,5.25405004313894,15.3832513501571,2.09804097341396,8.67698540374606,0
"477","pre_labeling_(6)_14d_8","pre_labeling","6",8,"14",0.0574,NA,1.23814991026374,11.3428951853251,6.50143437592251,29.6940556197439,2.04195667359899,15.4643358862078,0
"478","pre_labeling_(6)_14d_9","pre_labeling","6",9,"14",0.0389,NA,1.65965898073143,12.0042185840124,6.66730903158393,27.9335438725295,1.51110523987476,10.635935107841,0
"479","pre_labeling_(6)_14d_10","pre_labeling","6",10,"14",0.0597,NA,0.602175188277264,4.11669327597385,4.06854940582211,11.5283208063326,1.35297643996479,5.61301562947634,0
"480","ref_15.25d_1_1","ref","6",1,"6h",0.1,NA,0.665450188337603,2.60831991782028,5.177798003752,10.3845855240133,1.78732693833133,4.8344698701215,0
"481","ref_15.25d_1_2","ref","6",1,"6h",0.0608,NA,0.868223600441411,7.0009317603331,6.39589742985374,21.3899505871839,1.99841634161997,11.7972484766506,0
"482","ref_15.25d_2_1","ref","6",2,"6h",0.0771,NA,0.97177327289849,5.76516649113438,4.65093200964756,13.4302138070826,2.41467010042476,8.31207156063419,0
"483","ref_15.25d_2_2","ref","6",2,"6h",0.0732,NA,0.91402507976216,4.54900771356839,4.04657533826926,11.3305031006778,1.87668784409436,5.77929134730369,0
"484","ref_15.25d_2_3","ref","6",2,"6h",0.0572,NA,1.28060635922892,7.34809762239155,5.95978209210881,14.1948283521905,2.28143781472775,9.9648978859694,0
"485","ref_15.25d_3_1","ref","6",3,"6h",0.0718,NA,1.06820387120963,5.16914680258264,4.43964879443303,11.2298141273386,2.31720524389325,5.35081868605625,0
"486","ref_15.25d_3_2","ref","6",3,"6h",0.083,NA,1.0717578577138,6.66879500494597,3.97631750112181,11.0545330939536,1.70039556631257,5.86434606128582,0
"487","ref_15.25d_3_3","ref","6",3,"6h",0.0556,NA,0.825977489435482,9.27808928856789,4.41204862775129,14.8327318890667,1.68163441643976,12.8505115591958,0
"488","TD_labeling_15.25d_1_1","TD","6",1,"6h",0.0578,6,0.768274151002126,5.68300217361727,5.32423472452667,16.9255934142703,3.2574627409309,12.0585511787881,0
"489","TD_labeling_15.25d_1_2","TD","6",1,"6h",0.0799,6,0.95329153649952,5.66712611118442,3.99366436324696,10.3935942648994,2.13373722491634,6.20135217882129,0
"490","TD_labeling_15.25d_1_3","TD","6",1,"6h",0.0554,6,0.754073491283344,6.46629048797557,5.39781552851061,18.3260488457286,2.1805745078085,9.42166665440029,0
"491","TD_labeling_15.25d_2_1","TD","6",2,"6h",0.1185,5.96666666666667,0.926827743570562,4.51170789279494,4.54168205075477,13.0945334505607,3.07054615723473,8.12300613007106,0
"492","TD_labeling_15.25d_2_2","TD","6",2,"6h",0.0566,5.96666666666667,1.32209867219783,8.13353245814739,5.19226050651557,18.9450624616563,3.86041634558675,12.4950299833632,0
"493","TD_labeling_15.25d_2_3","TD","6",2,"6h",0.0753,5.96666666666667,0.850280025870436,4.27647214538569,4.0931242248319,9.61555607987213,2.09029449649698,6.45765246516781,0
"494","TD_labeling_15.25d_3_1","TD","6",3,"6h",0.0902,5.98333333333333,0.746840096078897,4.75718256613417,3.59525958801238,9.72168850068488,3.05478517610771,8.06466791993675,0
"495","TD_labeling_15.25d_3_2","TD","6",3,"6h",0.0794,5.98333333333333,0.865644299350215,4.45202201529528,3.91980546361743,9.02260876658535,1.81070686505248,5.26710780093179,0
"496","TD_labeling_15.25d_3_3","TD","6",3,"6h",0.0879,5.98333333333333,1.02422374813626,4.99957273944876,4.26471892216548,10.6626086405408,1.73349508818527,4.96454928249724,0
"497","TD_labeling_15.25d_4_1","TD","6",4,"6h",0.089,6,0.987509067988074,6.74499634336173,4.514101931398,12.9700433778383,2.30786253434838,6.60875272845404,0
"498","TD_labeling_15.25d_4_2","TD","6",4,"6h",0.0747,6,1.32624611351678,8.60452485914345,3.87300560946502,11.4294866707149,2.98815128855835,11.3665984795059,0
"499","TD_labeling_15.25d_4_3","TD","6",4,"6h",0.0798,6,0.8344914486961,5.30336523573787,5.17974538336586,15.2849875028377,3.59775790687328,7.8754911264964,0
"500","ref_16d_1_1","ref","6",1,"24h",0.0897,NA,0.868447856346716,5.10967408306943,3.62365835912974,8.47569673169298,1.26428440915329,5.91296148855987,0
"501","ref_16d_1_2","ref","6",1,"24h",0.0537,NA,1.60729673974952,18.0635412516519,7.63416112516313,23.3233621195096,0.827998528749676,14.1737036559005,0
"502","ref_16d_2_1","ref","6",2,"24h",0.0711,NA,1.33404535547881,9.60257417286171,4.45370630768443,12.1665443471755,1.46572178036484,7.5317600349958,0
"503","ref_16d_2_2","ref","6",2,"24h",0.0554,NA,0.968007287537051,6.44023973209594,4.43882381979151,11.2019778056624,1.79857450858339,7.0865976209023,0
"504","ref_16d_2_3","ref","6",2,"24h",0.0677,NA,0.910975945327357,6.33591314538205,5.1380928906811,12.2873987232537,1.62875880453924,10.1772723177626,0
"505","ref_16d_3_1","ref","6",3,"24h",0.0718,NA,0.867839430043655,7.01319651424896,5.04906515370933,15.2063121723995,1.44701305157182,9.14927659251744,0
"506","ref_16d_3_2","ref","6",3,"24h",0.0659,NA,1.11935086947491,6.05287418476766,4.30770767316053,10.9955167582071,1.29199451652084,4.59211822701369,0
"507","Bioa_labeling_16d_1_1","Bioa","6",1,"24h",0.0923,23.4166666666667,1.07252159482178,4.22966823601543,4.28591117813363,9.32727745117133,1.78105525814167,6.08370922794963,0
"508","Bioa_labeling_16d_1_2","Bioa","6",1,"24h",0.0958,23.4166666666667,0.860287178391395,6.1626410514405,4.93668459403945,12.4896388261294,3.08396265284191,9.98700271118036,0
"509","Bioa_labeling_16d_1_3","Bioa","6",1,"24h",0.08,23.4166666666667,0.98607044272874,11.6188132770265,4.60616459524864,13.1186221438118,2.99191370100941,13.5896213364637,0
"510","Bioa_labeling_16d_1_4","Bioa","6",1,"24h",0.0877,23.4166666666667,0.89223801854616,5.76009119116698,3.73579587054362,7.99775055993501,1.34894249161346,5.9456591234155,0
"511","Bioa_labeling_16d_2_1","Bioa","6",2,"24h",0.0693,23.5333333333333,1.26127085165676,9.09769118884872,5.0619179879825,13.6213729028576,2.70821645944545,7.65035084055587,0
"512","Bioa_labeling_16d_2_2","Bioa","6",2,"24h",0.1082,23.5333333333333,1.20170885243041,8.1325300398639,5.2969673043709,12.0465623715895,2.27426012052987,7.82909592146777,0
"513","Bioa_labeling_16d_2_3","Bioa","6",2,"24h",0.0777,23.5333333333333,0.858617183915565,4.2733558319631,4.5048508645314,10.5273440509033,3.34214570301615,6.15091403532297,0
"514","Bioa_labeling_16d_2_4","Bioa","6",2,"24h",0.0794,23.5333333333333,0.897787551905931,5.22445032145523,3.77728349698247,7.84962571694174,2.69233123409958,5.32136688732756,0
"515","Bioa_labeling_16d_3_1","Bioa","6",3,"24h",0.0955,23.55,0.739750545073404,7.7935751848703,5.29401289327926,18.1043792266866,2.97255446376318,13.3441679080192,0
"516","Bioa_labeling_16d_3_2","Bioa","6",3,"24h",0.0999,23.55,1.07598730700142,6.83970203360887,4.69553420772215,12.7008079274745,1.91017019999122,6.90826915726629,0
"517","Bioa_labeling_16d_3_3","Bioa","6",3,"24h",0.0915,23.55,0.808936640133414,5.96594541889801,3.9661494088646,11.6558113314316,2.51259160440926,7.99709060821819,0
"518","Bioa_labeling_16d_3_4","Bioa","6",3,"24h",0.0629,23.55,1.35470160963882,16.2951883151974,4.86105675574993,12.9732065771176,1.64872731616103,12.0377789039609,0
"519","Bioa_labeling_16d_4_1","Bioa","6",4,"24h",0.104,23.65,1.20090339893249,7.86494569731948,3.96731059864858,9.48325515421656,1.76355704939171,7.95228597822271,0
"520","Bioa_labeling_16d_4_2","Bioa","6",4,"24h",0.1189,23.65,0.977082539584646,4.8353461840106,4.07683479128616,8.40143167203162,2.9844840711997,7.51364355797204,0
"521","Bioa_labeling_16d_4_3","Bioa","6",4,"24h",0.1034,23.65,0.977752603860902,5.7525149495048,5.20883075022892,8.91269632783693,2.64052622917686,6.62326896378018,0
"522","TD_labeling_16d_1_1","TD","6",1,"24h",0.0762,23.6666666666667,1.00192520126863,5.87717906302312,5.61406230356939,16.4108117283025,3.76482892091865,8.6246883624737,0
"523","TD_labeling_16d_1_2","TD","6",1,"24h",0.1071,23.6666666666667,0.706649126297985,5.82035527659219,5.09939100111277,15.9722841598661,4.45493096460609,11.7929992357329,0
"524","TD_labeling_16d_1_3","TD","6",1,"24h",0.0709,23.6666666666667,0.879281716374432,6.6188393328533,5.28131568844967,14.071943735588,5.77391145958522,12.7463942169007,0
"525","TD_labeling_16d_2_1","TD","6",2,"24h",0.1088,23.6833333333333,0.854325696774956,6.329736379335,3.91827441367653,9.83721715574194,4.17521836621026,8.14841204888674,0
"526","TD_labeling_16d_2_2","TD","6",2,"24h",0.0787,23.6833333333333,1.28997332813162,7.04020939916824,4.79839099787556,13.0015909997758,3.89502380177921,9.36446075555972,0
"527","TD_labeling_16d_2_3","TD","6",2,"24h",0.0739,23.6833333333333,1.05894393825,7.02287826963109,4.78400436753186,11.8080025263764,1.73570187854268,6.24015422340482,0
"528","TD_labeling_16d_3_1","TD","6",3,"24h",0.0977,23.6666666666667,0.579166304312303,4.59991398460898,4.09195534395493,9.21753235073972,4.23637093426778,8.57719595240991,0
"529","TD_labeling_16d_3_2","TD","6",3,"24h",0.0725,23.6666666666667,0.720155809027006,6.92565231337031,5.86202521105841,20.5529050735515,2.62746359107914,11.9919393505579,0
"530","TD_labeling_16d_3_3","TD","6",3,"24h",0.0767,23.6666666666667,1.03501865943168,7.00917767941853,5.91825147378278,14.5625560133405,4.03573499936456,9.62214879899786,0
"531","TD_labeling_16d_4_1","TD","6",4,"24h",0.0771,23.65,0.862372478650957,4.2711909293308,4.70253372715459,9.12054481297241,3.45968538481351,7.07063140159174,0
"532","TD_labeling_16d_4_2","TD","6",4,"24h",0.0823,23.65,1.01827563219256,5.56602016546912,3.57724308474248,7.14551999600389,3.40276094581251,6.75506655778185,0
"533","TD_labeling_16d_4_3","TD","6",4,"24h",0.0692,23.65,1.05629749995063,6.27637586309475,5.15244045993914,13.1223630233598,3.52864604533639,9.05906567932486,0
"534","ref_18d_1_1","ref","6",1,"72h",0.0899,NA,1.00715025968452,7.2212863621603,4.8539603367082,12.6161165071363,1.86283704066048,8.51691412716494,0
"535","ref_18d_1_2","ref","6",1,"72h",0.0598,NA,0.937876837276511,6.32706846074879,4.86905147658915,13.775362740109,1.19982961730573,5.22593188154706,0
"536","ref_18d_1_3","ref","6",1,"72h",0.0617,NA,0.728081162272669,5.98347657644162,3.75988945867116,10.1924540712613,1.45320191559266,7.26443973478934,0
"537","ref_18d_2_1","ref","6",2,"72h",0.0672,NA,1.2678103005147,8.4964284894871,4.5344471261929,10.0039126847578,1.47391478979297,6.56761249489643,0
"538","ref_18d_2_2","ref","6",2,"72h",0.0486,NA,1.1084512438638,6.84798384513646,4.54734577836663,9.36216006671058,2.66124680752296,7.90862599158914,0
"539","ref_18d_2_3","ref","6",2,"72h",0.0738,NA,1.31896935675468,6.63997324961726,4.53753190343696,10.1052504499955,2.88545824585325,9.16248364053229,0
"540","ref_18d_3_1","ref","6",3,"72h",0.0551,NA,1.28377285674301,9.75397360047315,4.83318864439699,18.5505682257751,1.21748722825009,8.06197199595627,0
"541","ref_18d_3_2","ref","6",3,"72h",0.055,NA,0.914697474307584,6.739819545712,4.82998410956097,15.015926874719,2.81392294543785,10.1623832254701,0
"542","ref_18d_3_3","ref","6",3,"72h",0.046,NA,1.12522022703557,7.76227220926477,5.33595335293485,14.9774282105094,2.31574655236625,8.16852714436946,0
"543","TD_labeling_18d_1_1","TD","6",1,"72h",0.0916,71.5,0.729659153726026,3.70692125598404,5.09967758966732,9.26304560989925,6.00084438795717,7.93801250458858,0
"544","TD_labeling_18d_1_2","TD","6",1,"72h",0.0714,71.5,0.933972159995957,6.91966627769026,4.60936810548437,9.4110876892865,8.83716160474348,14.4318637808311,0
"545","TD_labeling_18d_1_3","TD","6",1,"72h",0.0806,71.5,0.960932985089993,7.8668972189627,6.90005421239357,24.9345726215541,8.16937701501955,16.1246082627443,0
"546","TD_labeling_18d_1_4","TD","6",1,"72h",0.0672,71.5,0.969895118642,5.80032088453176,3.95999073728913,8.049431434243,4.95322962142295,8.065301283562,0
"547","TD_labeling_18d_2_1","TD","6",2,"72h",0.0795,71.55,1.16438501360298,6.21240748998561,4.07019025643403,8.36429000324303,5.06901678931808,7.62864756440087,0
"548","TD_labeling_18d_2_2","TD","6",2,"72h",0.0777,71.55,0.796459021002477,6.55783817329021,5.98175935211647,17.1167126571917,9.01110570732816,18.4767279630991,0
"549","TD_labeling_18d_2_3","TD","6",2,"72h",0.0749,71.55,1.01126283476311,7.76462066993816,4.85602005884997,9.42062408930141,20.5601174368996,24.9124304111055,0
"550","TD_labeling_18d_2_4","TD","6",2,"72h",0.0817,71.55,0.820669249199589,5.3866802609544,4.07575969182445,8.18045364540224,6.15884554153248,9.30263439544315,0
"551","TD_labeling_18d_2_5","TD","6",2,"72h",0.0699,71.55,0.912057992478581,5.92212632581269,4.89639994039325,9.79152242699967,19.2560183211522,22.9209943670401,0
"552","TD_labeling_18d_3_1","TD","6",3,"72h",0.0755,71.6666666666667,1.20642282715864,6.66275127591362,3.9467817077985,7.85288508617384,6.87380683252654,10.4641610347346,0
"553","TD_labeling_18d_3_2","TD","6",3,"72h",0.0891,71.6666666666667,0.867320898862678,6.35890138351346,4.83180422769311,11.3841125713745,7.25994896937525,12.2156140761285,0
"554","TD_labeling_18d_3_3","TD","6",3,"72h",0.11,71.6666666666667,0.779309104536287,4.03480564187516,4.87536213265735,8.73518286184462,3.80139379103142,5.25260444672855,0
"555","TD_labeling_18d_3_4","TD","6",3,"72h",0.0925,71.6666666666667,0.731499717547503,4.55729790012675,4.00123956749592,8.72180566444603,5.80806809792439,9.34605951451243,0
"556","TD_labeling_18d_4_1","TD","6",4,"72h",0.0881,71.7333333333333,0.96315826463088,5.33822057163812,3.87308937742104,8.86155980290452,4.08486018094551,6.91746844193141,0
"557","TD_labeling_18d_4_2","TD","6",4,"72h",0.0919,71.7333333333333,0.979553963478759,6.12206534592693,4.3945672797666,8.94757511701805,8.36436046351861,10.6858294735833,0
"558","TD_labeling_18d_4_3","TD","6",4,"72h",0.0817,71.7333333333333,0.75250634538419,3.6626138311263,3.94565796420904,7.89304446536041,4.30307085394801,6.92008777481377,0
"559","TD_labeling_18d_4_4","TD","6",4,"72h",0.0968,71.7333333333333,0.689170294389805,4.73085791788341,4.18664727207798,8.54874478108906,6.26683438742727,10.0640156532549,0
